,,,Unnamed: 0,Unnamed: 0,Unnamed: 0.1,Unnamed: 0.1,OrdenPres,OrdenPres,sujnum,sujnum,FFD,FFD,SFD,SFD,FPRT,FPRT,TFT,TFT,RRT,RRT,transicion,transicion,dur_totCCV,dur_totCCV,dur_CCV_sin_inico,dur_CCV_sin_inico,tiempo_onset_vocal_l,tiempo_onset_vocal_l,tiempo_onset_vocal_r,tiempo_onset_vocal_r,OrdenDeCCV,OrdenDeCCV,repeticion_ccv,repeticion_ccv,Frecuencia,Frecuencia,SegConsVoceada,SegConsVoceada,NormTransition,NormTransition,block,CCV,type
,,,mean,sem,mean,sem,mean,sem,mean,sem,mean,sem,mean,sem,mean,sem,mean,sem,mean,sem,mean,sem,mean,sem,mean,sem,mean,sem,mean,sem,mean,sem,mean,sem,mean,sem,mean,sem,mean,sem,,,
CCV,bloque,TipoNumCCV,,,,,,,,,,,,,,,,,,,,,,,,,,,,,,,,,,,,,,,,,
BCA,1,5,4610.222222222223,331.5071744894198,7727.722222222223,536.1347144252311,1.6111111111111112,0.05785537103478465,14.944444444444445,0.9877752164749012,301.30555555555554,19.12956849491383,10.222222222222221,6.008575712269199,895.5833333333334,35.2245410232318,914.3888888888889,35.906719021300596,18.805555555555557,8.055525200957327,0.19736816884081929,0.00985447458350202,0.5031091604594354,0.01963324494581739,0.4208042593502531,0.015198505132688228,0.906017263929013,0.03802548328388324,0.882305725467974,0.03794715034098988,3.138888888888889,0.10888817028921968,2.0277777777777777,0.09684422381492572,12.490000000000007,0.0,0,0.0,0.3911691989227417,0.010760318132974522,1,BCA,5
BCA,2,5,4928.342857142857,338.9782759828238,8253.2,545.3333372311398,2.4571428571428573,0.10707036885349809,15.571428571428571,1.0089806734563647,354.4142857142857,18.892191611207878,118.25714285714285,23.190271445948284,592.3571428571429,31.139790577837676,621.5142857142857,32.77916410659014,29.15714285714286,17.374282364068186,,,,,,,,,,,3.857142857142857,0.11915109374689983,2.0142857142857142,0.09863007227241893,12.490000000000007,0.0,0,0.0,,,2,BCA,5
BDA,1,5,4797.125,339.79191249059187,8022.125,548.1106519232778,1.6111111111111112,0.057855371034784636,15.444444444444445,1.008354942710458,339.5833333333333,20.798926987942558,44.638888888888886,14.313329549741848,749.3611111111111,35.17753044907948,785.9166666666666,38.42837142069578,36.55555555555556,17.793403246591403,0.16138937947931078,0.007129327568616705,0.4595049390281077,0.015664276726364394,0.369664509568315,0.013765870696232849,0.8052177110978463,0.03508395893612435,0.7546806740606317,0.04380885243848746,2.875,0.12021352286582491,2.0833333333333335,0.09434312893947693,23.660000000000025,0.0,1,0.0,0.3537657987388939,0.012151262133307028,1,BDA,5
BDA,2,5,5072.756756756757,345.610243638003,8519.513513513513,554.4674168454771,2.4594594594594597,0.10395579969016741,16.22972972972973,1.0291111280710987,312.8378378378378,17.11488530953304,84.78378378378379,18.162582526296625,620.7027027027027,31.142277375093606,634.972972972973,32.691788639014284,14.27027027027027,9.837259585676199,,,,,,,,,,,3.27027027027027,0.14178386607349797,2.027027027027027,0.0942103583621372,23.660000000000025,0.0,1,0.0,,,2,BDA,5
BFA,1,2,4901.695652173913,426.21586564226317,8219.95652173913,682.8424316278403,1.6304347826086956,0.07195473383945745,15.891304347826088,1.2634697493820124,310.2608695652174,24.409181664865667,21.782608695652176,15.297497918093839,956.695652173913,47.49282040391036,963.6086956521739,47.53436060297022,6.913043478260869,6.913043478260869,0.10034836763296168,0.011761872663233868,0.568790692255643,0.030964519382860343,0.4636052326837172,0.024022757147501524,0.9394792808184587,0.046969976572996966,0.8197869731260696,0.046193669956258086,2.652173913043478,0.24908992091181245,1.5217391304347827,0.08069223714246408,0.12000000000000009,0.0,0,0.0,0.16992499172144285,0.01318886408734868,1,BFA,2
BFA,2,2,5154.877551020408,426.8371623031485,8622.632653061224,685.3264464290475,2.4693877551020407,0.12744893874282445,16.346938775510203,1.2672453320646297,297.9795918367347,19.34109090629349,107.79591836734694,26.397648891517996,567.5918367346939,42.8907598151776,586.4897959183673,45.0052824039505,18.897959183673468,13.469644787281638,,,,,,,,,,,2.7346938775510203,0.23287523703450944,1.5510204081632653,0.07748833843465659,0.12000000000000009,0.0,0,0.0,,,2,BFA,2
BGA,1,5,4969.835820895522,352.29803667807346,8317.298507462687,567.6520089484362,1.626865671641791,0.05953164441921386,16.059701492537314,1.0481144572181207,408.8059701492537,21.24377939978618,8.283582089552239,8.283582089552239,983.7910447761194,33.13398466130658,990.9402985074627,33.13110669650016,7.149253731343284,4.1144445410291475,0.17447476360740222,0.008278696526572801,0.4554050217778777,0.017493008169906062,0.3732890748894503,0.013832573106947835,0.8628224680208006,0.03396247647967696,0.8545666540674625,0.036160416531176964,4.7164179104477615,0.09464631046051031,2.029850746268657,0.10192659993662616,1.1099999999999997,0.0,1,0.0,0.3844913566350061,0.011731760171856988,1,BGA,5
BGA,2,5,5325.638888888889,342.5679851568776,8893.138888888889,547.456292088316,2.388888888888889,0.1093363741195784,16.819444444444443,1.0146282167316962,321.7916666666667,20.294197092805316,117.91666666666667,23.336072525334433,626.4027777777778,39.70716685999919,658.3333333333334,41.30824242229123,31.930555555555557,17.873866077923736,,,,,,,,,,,3.0555555555555554,0.1006413099786225,1.9444444444444444,0.10064130997862249,1.1099999999999997,0.0,1,0.0,,,2,BGA,5
BJA,1,2,4918.617021276596,404.42191878449376,8231.382978723404,652.1786817193343,1.5957446808510638,0.07235674844413015,15.829787234042554,1.1994907757565465,330.468085106383,26.365236044067906,20.574468085106382,13.434348698733377,816.8723404255319,50.350020159722256,816.8723404255319,50.350020159722256,0.0,0.0,0.09945245271207964,0.008827952982579686,0.5071475091535086,0.018855389680663828,0.4222286935891186,0.015444894166685397,0.9255945998542944,0.04319402237271941,0.7881374569970829,0.047855922894114486,3.1914893617021276,0.28956297076019155,1.5319148936170213,0.07357064625618347,131.21,0.0,0,0.0,0.191508257055864,0.013360369302717896,1,BJA,2
BJA,2,2,5284.45652173913,419.99198831388094,8880.54347826087,671.831086939479,2.391304347826087,0.1371844587385418,16.934782608695652,1.2469875483779718,359.45652173913044,24.381800184035647,118.95652173913044,29.044126956219962,691.9347826086956,53.202288300046526,700.5217391304348,53.63193348197428,8.58695652173913,8.586956521739133,,,,,,,,,,,5.195652173913044,0.14783319107681112,1.4782608695652173,0.07446511639805872,131.21,0.0,0,0.0,,,2,BJA,2
BPA,1,5,4877.478873239436,333.6389661023922,8168.183098591549,538.3697888077944,1.6338028169014085,0.05758184314388003,15.76056338028169,0.9934321112440762,339.53521126760563,22.52534303551384,8.04225352112676,5.0611327821067915,880.7887323943662,37.25855020768595,902.1971830985915,37.55851568539771,21.408450704225352,9.91394719979877,0.20260980860126704,0.0061795971651980915,0.4761829036751881,0.015941995001574272,0.4012253514135536,0.013435817745043266,0.8712370365788425,0.039090490737066136,0.8255848626654942,0.032019487369523425,4.450704225352113,0.09784135394092026,2.0140845070422535,0.09723120146238273,0.39000000000000035,0.0,0,0.0,0.43324402203010093,0.011031752515628717,1,BPA,5
BPA,2,5,4972.192307692308,335.3342739376439,8336.807692307691,538.5083964614707,2.4358974358974357,0.10256410256410255,15.820512820512821,0.998791075735175,353.84615384615387,18.27182255482151,133.2948717948718,23.433727049447874,635.0641025641025,37.97510594117265,654.8717948717949,38.636860371223754,19.807692307692307,12.756186692418598,,,,,,,,,,,3.0384615384615383,0.10393892083737315,1.9487179487179487,0.09286471223075496,0.3900000000000004,0.0,0,0.0,,,2,BPA,5
BSA,1,2,4586.571428571428,420.9312406335475,7706.571428571428,679.5149232681243,1.6428571428571428,0.07483181740388338,14.904761904761905,1.2441778574664875,357.6666666666667,30.77537793355518,18.404761904761905,14.88980271079269,974.0,49.945498751423585,983.5,49.78341301459868,9.5,7.714809957667579,0.063860903138678,0.004961385144196687,0.45185516679129517,0.021064210066952322,0.3866971802220699,0.017091337783644744,0.8395081162319624,0.031544212292277454,0.8248306968768988,0.02401186952291809,4.142857142857143,0.24710032328868195,1.5,0.07808688094430304,3462.600000000002,0.0,0,0.0,0.14092356383660756,0.008410479770270995,1,BSA,2
BSA,2,2,4656.872340425532,413.1626957407107,7839.425531914893,668.5253849541574,2.404255319148936,0.1348572221583121,14.914893617021276,1.2398821925006973,378.59574468085106,26.38213906037545,187.85106382978722,33.549361354468374,558.1063829787234,44.71147336174604,581.8936170212766,49.25460326390887,23.78723404255319,18.183816700480723,,,,,,,,,,,2.765957446808511,0.24372374444318856,1.5106382978723405,0.07370428968378202,3462.6000000000026,0.0,0,0.0,,,2,BSA,2
BTA,1,5,4693.0,326.53878717260886,7896.013698630137,528.878709445608,1.63013698630137,0.05689468399258956,15.315068493150685,0.975903888150593,329.05479452054794,21.038866425280403,25.82191780821918,13.8352496673661,840.5890410958904,30.4522409445523,853.6027397260274,29.60293896439235,13.013698630136986,13.013698630136986,0.19460113193449075,0.008776019355321253,0.48624574387193775,0.016503575473622814,0.39191462312624575,0.012323021429960923,0.7547548782666011,0.026059749979813022,0.7567171424175884,0.02681877160654931,3.315068493150685,0.07266589252438152,2.041095890410959,0.09643247526001313,10150.0,0.0,0,0.0,0.39894965140960603,0.011329153529215917,1,BTA,5
BTA,2,5,5004.632911392405,332.3352626033312,8388.177215189873,533.6618344124272,2.4177215189873418,0.10287587321341139,15.924050632911392,0.9888656587759392,352.30379746835445,18.182692499564425,142.20253164556962,25.008660491133938,629.0253164556962,35.20155704692056,637.253164556962,36.00646137493524,8.227848101265822,6.3434113098134,,,,,,,,,,,3.4556962025316458,0.1404743070784911,2.037974683544304,0.09087378847376903,10150.0,0.0,0,0.0,,,2,BTA,5
CBA,1,6,5095.0,484.71846472222853,8524.473684210527,772.9686761477516,1.5789473684210527,0.08116837904800629,16.473684210526315,1.4256025364383227,317.63157894736844,24.938371294172754,0.0,0.0,1025.6315789473683,52.89240563003668,1070.342105263158,50.21892719979043,44.71052631578947,31.902476479736904,0.18820868174067829,0.013891968523683337,0.4049658679316371,0.023555769821324495,0.37743722743011,0.022653964708815172,1.0138043042752076,0.04637361358080908,1.0166464095384848,0.04588012842555057,3.8947368421052633,0.26344223614311213,1.605263157894737,0.0887680315199657,1.8299999999999987,0.0,1,0.0,0.4649195876231852,0.01782985973829811,1,CBA,6
CBA,2,6,5051.181818181818,450.6447615738601,8454.818181818182,726.899802378872,2.3636363636363638,0.14205866746158427,16.09090909090909,1.3491122215283455,308.5681818181818,21.242991574720087,104.81818181818181,25.34959108566936,590.0,52.837318639525975,592.6136363636364,52.967372141081434,2.6136363636363638,2.6136363636363638,,,,,,,,,,,2.227272727272727,0.18062504925458225,1.5227272727272727,0.07617047451458002,1.8299999999999985,0.0,1,0.0,,,2,CBA,6
CDA,1,6,4852.388888888889,442.5350264637437,8167.388888888889,713.2354931541794,1.6666666666666667,0.07968190728895956,15.805555555555555,1.3206656837839448,314.97222222222223,34.21293002840809,36.416666666666664,20.843154827775066,887.7222222222222,56.33362371172148,894.8611111111111,58.09897347367581,7.138888888888889,7.138888888888888,0.17559199873884282,0.01375760963417849,0.413707154009448,0.01820768401877799,0.37955441549878854,0.017463259227009816,1.0316455952203931,0.05904001079837282,0.8937225182975261,0.05422691368366874,2.2222222222222223,0.2074451968597402,1.5,0.08451542547285167,0.0,0.0,1,0.0,0.41743329603233603,0.018613078649507196,1,CDA,6
CDA,2,6,4743.291666666667,414.61525140864046,7979.541666666667,670.2220740240961,2.4166666666666665,0.13259993332119316,15.1875,1.2440126999021075,387.7708333333333,25.60343089098568,89.25,26.378829425203307,720.3125,54.7937554377632,761.0625,54.129829860420635,40.75,21.619277826950313,,,,,,,,,,,4.166666666666667,0.2406649574603852,1.5,0.07293249574894728,0.0,0.0,1,0.0,,,2,CDA,6
CFA,1,3,4924.95,481.96522636293673,8187.45,776.753759244202,1.675,0.07499999999999998,15.7,1.4332140677870016,337.925,28.06353568701581,26.775,18.782782879336803,985.5,46.837745024438995,995.125,47.62304155068701,9.625,6.754266220655445,0.08995724038461769,0.010606776328395915,0.47554852087137583,0.026474075259672714,0.4440333019213337,0.02492472672412166,0.9470790864932684,0.05816079156596828,0.8889738233350125,0.06321704895760853,2.5,0.10741723110591492,1.525,0.08761439408728482,0.0,0.0,0,0.0,0.1808005269743846,0.014824403405961006,1,CFA,3
CFA,2,3,5015.022222222222,452.12925376488147,8375.022222222222,726.2661764667865,2.466666666666667,0.13333333333333333,15.822222222222223,1.3402430387500877,330.35555555555555,23.75291913066337,173.11111111111111,33.021040464464164,585.3777777777777,45.33518589005394,613.0222222222222,49.742970559565364,27.644444444444446,17.54843673591179,,,,,,,,,,,2.5555555555555554,0.23040490392586357,1.488888888888889,0.0753592220347252,0.0,0.0,0,0.0,,,2,CFA,3
CGA,1,6,4960.634146341464,418.104989959923,8275.268292682927,673.7457642967361,1.6585365853658536,0.07497768853141168,15.829268292682928,1.2395428145304759,333.1951219512195,32.83642421919105,36.073170731707314,23.047284117125187,1098.2682926829268,60.925794773384695,1133.9024390243903,56.808061572345316,35.63414634146341,33.016288590847076,0.1967996021683991,0.02465795490746482,0.4345298003213816,0.04598788009811381,0.39238052516499017,0.04493690243085253,1.00445805996426,0.0767144315068656,0.9081009171071385,0.11972475374399319,4.609756097560975,0.2002378122124272,1.4146341463414633,0.07789619230571371,0.0,0.0,1,0.0,0.4479615963832447,0.0157971896468651,1,CGA,6
CGA,2,6,4664.139534883721,442.01020916612595,7858.093023255814,712.8872958486854,2.488372093023256,0.13465057943362715,14.930232558139535,1.3200034182466938,321.09302325581393,26.883918751451574,98.37209302325581,25.464195941034195,709.9767441860465,61.41592032620738,713.1627906976744,61.03670564073298,3.186046511627907,3.186046511627907,,,,,,,,,,,2.441860465116279,0.21898367274148117,1.441860465116279,0.07662832288817806,0.0,0.0,1,0.0,,,2,CGA,6
CJA,1,3,4877.5,457.26983237118776,8196.25,733.1853586653855,1.75,0.07777137710478191,15.78125,1.3528154445511509,314.1875,28.25047949564522,33.46875,20.956559542368172,1030.1875,63.660902911251625,1054.65625,64.40945459699108,24.46875,16.62446848380277,0.08659009357880552,0.013890059919638986,0.48479880387895186,0.03263609271509624,0.4446918220742471,0.03006702875440115,0.8857322862117293,0.08441660544304538,0.9236072862119412,0.08855312143444959,5.0,0.23331413131434564,1.53125,0.08962708359030336,0.8900000000000003,0.0,0,0.0,0.17200212661703967,0.019693864498163877,1,CJA,3
CJA,2,3,5129.06,420.2366169341326,8538.26,676.4569062160184,2.36,0.13327890045360685,16.1,1.255924734518558,274.6,19.354607108555076,105.18,23.212851648012855,551.78,51.70641052902356,560.56,51.025453112207856,8.78,6.806916650416273,,,,,,,,,,,2.1,0.19639610121239312,1.5,0.07142857142857142,0.8900000000000005,0.0,0,0.0,,,2,CJA,3
CPA,1,6,4681.8,376.9280448844424,7914.6,604.2790286695343,1.66,0.06767268161329722,15.36,1.114930216540525,313.18,22.711350933497762,27.02,13.731818851834298,874.8,46.91492082395927,882.2,45.30956559815905,7.4,5.847099403000726,0.19428126666069861,0.007495304679929036,0.4172936429522886,0.01846876653511227,0.3938830690239818,0.017458936384308812,0.929855330303637,0.04303556912999348,0.8984624731616216,0.040457149640051336,2.92,0.23705678300218902,2.08,0.11006491591004698,0.42999999999999977,0.0,0,0.0,0.4715820173810119,0.009886758827316813,1,CPA,6
CPA,2,6,4920.69696969697,356.57954383481365,8247.969696969696,573.3182207729446,2.4545454545454546,0.11048065822730911,15.606060606060606,1.0564219833648376,363.5,19.487037709581173,116.04545454545455,23.88123715445087,688.7878787878788,41.90374982609415,722.3636363636364,43.84320248224496,33.57575757575758,14.743621916914876,,,,,,,,,,,4.515151515151516,0.16618918677418207,2.0,0.0989454889836307,0.42999999999999977,0.0,0,0.0,,,2,CPA,6
CSA,1,3,5283.395348837209,465.9717517894285,8766.186046511628,752.694076219759,1.6511627906976745,0.07354134093414835,16.837209302325583,1.390097167727242,321.5348837209302,33.37413917890137,17.162790697674417,12.026729654031506,920.7441860465116,57.47760017276677,959.3953488372093,54.03897264261206,38.651162790697676,22.75639892048548,0.06477685246920147,0.009594774839449878,0.46697099555159644,0.023420258383873054,0.44501355581718566,0.022711041541108708,0.9872151266746597,0.06632493576308728,0.8635751266749493,0.07284324871109285,2.7209302325581395,0.2519592801290175,1.4883720930232558,0.07713080907803256,12.64999999999999,0.0,0,0.0,0.1296493895627205,0.01378475941750284,1,CSA,3
CSA,2,3,5062.931818181818,422.1956055959011,8532.022727272728,674.8253438502256,2.409090909090909,0.13915397428907983,16.25,1.2483075222837823,348.72727272727275,23.539637832780727,132.47727272727272,30.898413114906273,647.2954545454545,49.60023677253568,656.5,49.43857636482843,9.204545454545455,9.204545454545455,,,,,,,,,,,1.7045454545454546,0.12414419706302977,1.5454545454545454,0.07593355178041426,12.64999999999999,0.0,0,0.0,,,2,CSA,3
CTA,1,6,4747.214285714285,441.87125259993167,7978.642857142857,714.2683689821973,1.6428571428571428,0.07483181740388338,15.428571428571429,1.3173297072704342,332.4761904761905,29.54868103034823,76.9047619047619,30.625208231747163,904.047619047619,51.26614022927876,904.047619047619,51.26614022927876,0.0,0.0,0.187974368567971,0.009981893972212313,0.4308435194205387,0.01953621812959721,0.4046207198022817,0.018847224942996274,1.009027572418507,0.05424975769411449,0.8946347152754149,0.04721485503262807,3.2142857142857144,0.3151898093135921,1.5,0.07808688094430304,39567.0,0.0,0,0.0,0.44017438329921554,0.014107828767827053,1,CTA,6
CTA,2,6,5158.313725490196,417.5050597229589,8620.666666666666,668.4407121210638,2.411764705882353,0.1288758958835685,16.313725490196077,1.239383210319673,386.45098039215685,25.492441228424912,180.07843137254903,35.97546923633266,584.5882352941177,33.74610131696073,606.3333333333334,34.10093054525474,21.745098039215687,13.599735958718702,,,,,,,,,,,3.3137254901960786,0.18468881316575084,1.5490196078431373,0.07573807025814888,39567.0,0.0,0,0.0,,,2,CTA,6
DBA,1,5,4921.533333333334,335.1609027776818,8221.533333333333,541.6418567845556,1.64,0.05579886659703325,15.866666666666667,1.000780476209224,340.05333333333334,18.940836224329612,15.88,9.17232343068631,894.0266666666666,33.090217782796664,905.6266666666667,32.87357586862723,11.6,5.913459986252466,0.1862779890998804,0.010317500562295474,0.47975067248657755,0.017808018134814828,0.38719223089272253,0.014364218173826427,0.7671232063222341,0.032304014335017464,0.7595194327377013,0.0325137498611654,3.8933333333333335,0.15833973434192528,1.9466666666666668,0.09471309608797811,0.049999999999999926,0.0,1,0.0,0.3865807220214853,0.013527723804331608,1,DBA,5
DBA,2,5,4981.289473684211,331.9408845149355,8363.394736842105,533.2918048784433,2.4473684210526314,0.10327061510709779,15.881578947368421,0.9872817734022723,340.7894736842105,18.59789948325587,145.5921052631579,24.08207586808794,620.0526315789474,33.50336403500475,620.0526315789474,33.50336403500475,0.0,0.0,,,,,,,,,,,3.5526315789473686,0.1114414909695245,1.9736842105263157,0.09360927418915155,0.049999999999999926,0.0,1,0.0,,,2,DBA,5
DCA,1,5,5105.236111111111,337.48378242671004,8522.736111111111,542.7014647923268,1.625,0.05745481997211523,16.375,1.0030153091977876,342.47222222222223,26.12504518661038,51.041666666666664,17.8635656764718,828.0555555555555,38.35032226559709,830.0,38.25234351039893,1.9444444444444444,1.9444444444444446,0.20692729393322423,0.010043098566881103,0.519733636611984,0.018807277125152982,0.4319535585442105,0.015220943080185628,0.8336341124879654,0.03532301458548786,0.7542756219219209,0.03762533028804399,2.9027777777777777,0.1284305805287585,2.0694444444444446,0.09553078162675861,0.1899999999999999,0.0,0,0.0,0.39769349515967306,0.012202562198450095,1,DCA,5
DCA,2,5,4911.27027027027,336.0190396403908,8255.864864864865,539.7720604131321,2.4054054054054053,0.10699164333441345,15.68918918918919,1.0016509281613974,343.4189189189189,17.09096475269878,133.82432432432432,21.331973090594335,623.4324324324324,39.49376098840063,635.5945945945946,38.97595552155913,12.162162162162161,7.241638491160899,,,,,,,,,,,3.2972972972972974,0.07129658068605421,1.945945945945946,0.09405090489095683,0.1899999999999999,0.0,0,0.0,,,2,DCA,5
DFA,1,2,5073.914893617021,431.5746439412888,8440.297872340425,697.9845651626309,1.6595744680851063,0.06986570800554749,16.19148936170213,1.2891916369037866,322.25531914893617,25.834481115551977,77.7872340425532,26.411739046386284,801.8936170212766,52.87162847096399,822.4255319148937,51.96895416250498,20.53191489361702,14.1977526548245,0.10188844046779552,0.009958745040252967,0.5327684278567952,0.02245567429130464,0.43420932463731704,0.01916707006169099,0.9051394077842637,0.048958223471609025,0.740845290136937,0.045211979411388485,2.106382978723404,0.21341252360064147,1.4893617021276595,0.07370428968378201,0.0,0.0,0,0.0,0.18529806706606725,0.011742070940202796,1,DFA,2
DFA,2,2,4897.31914893617,424.82706511126156,8217.744680851063,683.4494226286796,2.3617021276595747,0.13745920903612735,15.617021276595745,1.2692744114030339,338.36170212765956,22.903619513103852,118.65957446808511,31.036224792889495,622.5744680851063,45.410948574089126,634.8723404255319,45.025911103441125,12.297872340425531,6.675296865736699,,,,,,,,,,,2.9574468085106385,0.24513291304668114,1.4680851063829787,0.07960973163348811,0.0,0.0,0,0.0,,,2,DFA,2
DGA,1,5,4853.513888888889,344.7916666981863,8096.013888888889,558.4234979026247,1.6527777777777777,0.056501146768529666,15.583333333333334,1.0296371118795327,345.7083333333333,22.545428296000022,18.305555555555557,11.582385695841491,915.5277777777778,34.0698902643104,935.5,32.332915877465815,19.97222222222222,14.799137301737352,0.17647183371907882,0.009420683931783549,0.4985411513263175,0.019133072582794477,0.40921445564512554,0.016788716207623497,0.7675018868142418,0.0258494949814244,0.7745685534807893,0.032688131406998416,3.8472222222222223,0.11644802151382579,2.0277777777777777,0.09684422381492576,0.0,0.0,1,0.0,0.3543117497802929,0.012611353659299275,1,DGA,5
DGA,2,5,5256.621621621622,341.7006429574291,8776.351351351352,547.6368938498653,2.3513513513513513,0.10957903433505176,16.635135135135137,1.0133456605420859,299.7432432432432,14.70970560638746,116.70270270270271,20.794072662142533,555.5540540540541,31.79824717605966,576.8378378378378,33.90115664259369,21.283783783783782,10.198465962390186,,,,,,,,,,,3.6486486486486487,0.1432582613518351,2.0,0.0962072303605056,0.0,0.0,1,0.0,,,2,DGA,5
DJA,1,2,5093.924242424242,341.2127406919896,8538.469696969696,549.3819537487137,1.6515151515151516,0.05910136779119292,16.484848484848484,1.0121044622652648,328.24242424242425,22.6126917413291,74.92424242424242,24.026532639538647,822.7272727272727,35.104429922901595,822.7272727272727,35.104429922901595,0.0,0.0,0.09916787851394072,0.005386705777489453,0.5184313344716251,0.017867858619428648,0.4300998090934383,0.013977684613237645,0.8592828409966582,0.039306468189553405,0.7457114124248856,0.03472699017616717,2.8333333333333335,0.16384558842207758,2.0,0.10127393670836665,16.16999999999999,0.0,0,0.0,0.19266991527524774,0.00907128999856486,1,DJA,2
DJA,2,2,4868.541666666667,426.71782677369566,8179.791666666667,685.0921994677593,2.4166666666666665,0.1325999333211932,15.5625,1.2722858226589686,338.25,19.917927791759123,67.77083333333333,24.074486207506848,711.6458333333334,48.48400783338834,738.6666666666666,49.976123140563395,27.020833333333332,17.336431364830947,,,,,,,,,,,5.166666666666667,0.16125981561563224,1.5625,0.0782468022141326,16.169999999999995,0.0,0,0.0,,,2,DJA,2
DOS,1,7,4984.487804878048,436.07328501619827,8334.243902439024,697.9537686315164,1.6829268292682926,0.07357611282438223,16.0,1.290679533632026,341.9512195121951,30.470196378442793,109.14634146341463,28.03070096004948,584.8048780487804,43.26628016602671,634.5853658536586,44.33891061636544,49.78048780487805,24.8439400324408,,,0.4680919257614199,0.01835758418281937,0.4680919257614199,0.01835758418281937,0.759122549736439,0.04699048862504322,0.6907296925939281,0.04001246157405942,3.4390243902439024,0.3143882571036013,1.5609756097560976,0.07846686801046543,0.0,0.0,0,0.0,,,1,DOS,7
DOS,2,7,4857.755102040816,404.35739471671,8145.510204081633,652.2831338220766,2.3469387755102042,0.13537244042266935,15.448979591836734,1.2100982505262525,326.53061224489795,25.006497489680044,171.18367346938774,33.917613186111375,493.40816326530614,44.16880611909087,538.2244897959183,44.9876708857315,44.816326530612244,20.358869464568254,,,,,,,,,,,4.020408163265306,0.27892193443473706,1.469387755102041,0.0720333965460795,0.0,0.0,0,0.0,,,2,DOS,7
DPA,1,5,4815.820895522388,355.03897896310326,8047.761194029851,574.1359918020863,1.6567164179104477,0.05844447823119766,15.492537313432836,1.0587391557305987,348.7313432835821,24.11112317077134,21.597014925373134,15.242337008970162,857.6268656716418,33.09300406514319,877.5373134328358,31.91279054033908,19.91044776119403,12.774754816654488,0.21057565869649073,0.010974838625828728,0.5139323865015636,0.018232968986233333,0.42279945254670803,0.01601867025466295,0.8159306089556242,0.029145778085215058,0.8005020375268791,0.02873917891863464,3.298507462686567,0.15040263370917098,2.0597014925373136,0.09947987079009052,3.5099999999999967,0.0,0,0.0,0.40936268213954197,0.012340319118629378,1,DPA,5
DPA,2,5,5062.0,326.56259698078617,8513.5,523.5869531112808,2.45,0.1004735622383359,16.225,0.9709343992232105,339.9625,18.341429928433065,149.0625,25.299299183206486,588.975,34.01129733660548,620.4375,34.996997356509304,31.4625,17.06941286679447,,,,,,,,,,,4.1,0.0900070320740819,2.05,0.09053288094192945,3.509999999999996,0.0,0,0.0,,,2,DPA,5
DSA,1,2,5092.95652173913,432.7105367952625,8473.826086956522,694.8742473410043,1.6521739130434783,0.07099970268936748,16.195652173913043,1.2810848230626797,352.3695652173913,25.96546124149775,23.652173913043477,16.632376824500405,863.7608695652174,38.69074943158119,909.0869565217391,40.295596504687175,45.32608695652174,20.983155294978047,0.08479950888970977,0.0054773928430649444,0.49927226857073265,0.02160766607079178,0.4105412195490427,0.017496931913711603,0.8251056084324688,0.046764295682876725,0.7671056084326531,0.044874994251134524,4.391304347826087,0.22301894564256633,1.4565217391304348,0.07425326641999709,128.38000000000008,0.0,0,0.0,0.17034489237045342,0.00830102072057325,1,DSA,2
DSA,2,2,5049.938775510204,432.0423293227985,8447.897959183674,694.3620176844385,2.3877551020408165,0.13304494704495198,16.040816326530614,1.2886735730795564,320.6530612244898,23.149278044832105,123.0,29.684967220995283,586.6122448979592,40.9071540439853,620.1836734693877,40.54466204443069,33.57142857142857,17.039969020443877,,,,,,,,,,,2.122448979591837,0.21155532932305632,1.510204081632653,0.07215375318230077,128.38000000000008,0.0,0,0.0,,,2,DSA,2
DTA,1,5,4842.388059701492,348.0158386493383,8109.253731343284,562.3436373831657,1.6417910447761195,0.05901916735666634,15.656716417910447,1.0380704882969098,318.1940298507463,21.214932901654347,36.19402985074627,17.531199026483694,834.179104477612,37.64870065428203,851.0746268656717,37.963873382995146,16.895522388059703,11.871030424213004,0.2051806902523931,0.008216256430416487,0.4892025548667237,0.014116450877655175,0.40542379052317956,0.012519379111908811,0.8499119936227457,0.03998843465830049,0.811231993622962,0.04174922149176573,2.5522388059701493,0.1003917746020942,2.014925373134328,0.10086136782444424,1.4399999999999988,0.0,0,0.0,0.41924926786153666,0.01108930174938894,1,DTA,5
DTA,2,5,4964.38961038961,328.83794869041725,8314.25974025974,529.889133674064,2.3766233766233764,0.10626152149177727,15.779220779220779,0.9837405729707794,340.012987012987,17.240949496598382,98.35064935064935,21.746023326043876,600.9090909090909,29.301396425319833,620.5584415584416,30.09332427513448,19.649350649350648,7.308544382831575,,,,,,,,,,,3.935064935064935,0.04654010808079071,1.9610389610389611,0.09506187221701874,1.4399999999999986,0.0,0,0.0,,,2,DTA,5
FBA,1,4,4873.4375,417.6252146989563,8158.4375,673.1710709002801,1.625,0.07061658535825402,15.770833333333334,1.241367205308758,359.75,30.54739225791402,61.333333333333336,24.22042199482836,826.0416666666666,47.79761150088073,834.9166666666666,47.66205868467565,8.875,7.047371687021728,0.1429149198592117,0.007799636129581916,0.4957882249231165,0.01750845916110393,0.364700550883438,0.014867432681377572,0.9575826423769188,0.044056010579514915,0.7678084488287067,0.05141543741603184,2.5625,0.22657300813244372,1.4791666666666667,0.07286915878889005,90.65000000000003,0.0,0,0.0,0.2898451315954633,0.012089595220697342,1,FBA,4
FBA,2,4,5057.25,444.4157746552336,8447.25,715.3879753186354,2.375,0.13522046615836342,16.0625,1.3260237079756434,374.0208333333333,20.602160459234888,147.20833333333334,32.65004858007602,652.8541666666666,40.2120045498145,670.4791666666666,39.1706915419137,17.625,10.627127446584872,,,,,,,,,,,3.25,0.18713025008387585,1.4791666666666667,0.07871746391554742,90.65000000000003,0.0,0,0.0,,,2,FBA,4
FCA,1,4,4793.121951219512,449.9232376196508,8011.170731707317,725.1498801361762,1.7073170731707317,0.07194088392074452,15.439024390243903,1.339843811650923,397.8048780487805,30.501983532306816,9.170731707317072,6.4490406205605115,957.2926829268292,51.51446924257726,957.2926829268292,51.51446924257726,0.0,0.0,0.12388172059414529,0.009030523003123356,0.4296248372049794,0.01974985279176482,0.3049105504822037,0.017508128729578118,0.8261465200063035,0.04365530512833349,0.8380101563702845,0.04175491310221786,4.658536585365853,0.19002488956860933,1.6341463414634145,0.09076972715087021,0.0,0.0,0,0.0,0.2898636278357834,0.01677325119822389,1,FCA,4
FCA,2,4,5043.527777777777,344.2541897671413,8468.527777777777,552.6058877749402,2.361111111111111,0.11067009503774432,16.125,1.024148468764167,329.3611111111111,22.02931701438624,117.09722222222223,24.3267899083822,613.6527777777778,40.639388795158595,628.2638888888889,41.34213044851142,14.61111111111111,7.615761689890055,,,,,,,,,,,2.7777777777777777,0.2067164696752178,1.9444444444444444,0.09463067343111,0.0,0.0,0,0.0,,,2,FCA,4
FDA,1,4,4886.0204081632655,388.6912602884922,8247.244897959185,623.0150899632763,1.6326530612244898,0.06958255967849927,16.0,1.1450871101343854,280.46938775510205,25.40868507509966,9.26530612244898,6.7967188656445785,787.0816326530612,43.754220755923335,787.0816326530612,43.754220755923335,0.0,0.0,0.1295901162724073,0.008385800350739044,0.4888791297473304,0.02087226979046376,0.3466897836625862,0.014959710461780162,0.9399645361692963,0.05498187719132464,0.8071463543518662,0.05028880976358786,1.9183673469387754,0.17211354891258163,1.489795918367347,0.07215375318230077,0.0,0.0,0,0.0,0.2629169985039337,0.010712083154252244,1,FDA,4
FDA,2,4,5145.4,432.9018707478285,8637.4,690.9755900613319,2.466666666666667,0.1333333333333333,16.377777777777776,1.2808965014248863,378.84444444444443,27.645189830478415,129.35555555555555,34.182252994106264,705.3111111111111,51.7356023227643,717.5777777777778,52.09377217948194,12.266666666666667,8.096538729231114,,,,,,,,,,,4.933333333333334,0.19436506316151,1.5777777777777777,0.07446027270295803,0.0,0.0,0,0.0,,,2,FDA,4
FGA,1,4,4928.475,451.30164309572086,8271.975,726.8020958434531,1.625,0.07752170911825529,16.0,1.340684861343596,329.575,34.088570298561955,25.775,18.203250185274392,993.575,45.8118068912483,996.325,45.73177635506567,2.75,2.75,0.14184572472854373,0.012688859886670536,0.4493050382773329,0.02282455689447576,0.33741817595660434,0.02056166409487989,0.8362717955679123,0.03325827688345113,0.8122717955677564,0.04147469652359574,3.775,0.2518839272770552,1.35,0.07637626158259732,9.240000000000006,0.0,0,0.0,0.30844418604327245,0.016974965187941726,1,FGA,4
FGA,2,4,5123.78,426.3506741868621,8579.78,682.6123800966581,2.44,0.1282853961179637,16.28,1.268146647027601,354.86,21.75620033602431,124.78,26.237164636508744,612.32,43.80541798565515,640.3,45.766543791423054,27.98,17.187429910803285,,,,,,,,,,,3.78,0.27890456271284053,1.5,0.0769309258162072,9.240000000000006,0.0,0,0.0,,,2,FGA,4
FJA,1,1,4787.847826086957,415.92600950063473,8016.108695652174,672.228609627844,1.6521739130434783,0.07099970268936749,15.434782608695652,1.2385327823905514,335.7826086956522,21.64558423674955,16.5,11.598798455179084,974.804347826087,43.819696667195686,982.9782608695652,43.244328763137624,8.173913043478262,8.173913043478262,0.062364907804579595,0.004549159601631001,0.4512568596420549,0.023901768134205786,0.3611262845169587,0.02047223614009632,0.7909338536012804,0.04661454711853436,0.8070079276753579,0.04531270092542712,4.239130434782608,0.24902667068753018,1.5217391304347827,0.07446511639805871,0.0,0.0,0,0.0,0.14085986771545567,0.009214907536414234,1,FJA,1
FJA,2,1,4998.791666666667,439.18276272701854,8336.291666666666,706.4694935757186,2.4166666666666665,0.13259993332119313,15.75,1.3075408676471172,326.2708333333333,19.59987017758364,117.16666666666667,29.151465136794574,626.6666666666666,47.9237383002557,644.8333333333334,47.81035539234485,18.166666666666668,12.380074836408813,,,,,,,,,,,5.041666666666667,0.17854398640879032,1.4791666666666667,0.07286915878889005,0.0,0.0,0,0.0,,,2,FJA,1
FPA,1,4,4732.880952380952,421.6048182445179,7912.880952380952,677.7852042098134,1.619047619047619,0.07584124375059005,15.214285714285714,1.2514965323959035,315.73809523809524,27.05036940466675,48.666666666666664,27.1740778530241,951.6666666666666,57.322626150889924,992.8333333333334,52.9288075823244,41.166666666666664,31.37691726245718,0.15447834297625687,0.007423516559013876,0.4594994960847629,0.018433786569108317,0.33419125186984044,0.015102871674066194,0.852547948527265,0.04063986079774292,0.7710318194952188,0.055974467811417794,4.595238095238095,0.19595065571923673,1.5714285714285714,0.07728596868577992,0.2899999999999997,0.0,0,0.0,0.34090705202850985,0.014003157308851448,1,FPA,4
FPA,2,4,4925.5,451.6070499780225,8226.863636363636,726.2133060970002,2.3636363636363638,0.1420586674615843,15.568181818181818,1.3442374573437263,324.09090909090907,20.627441701373705,146.04545454545453,31.076475174071245,550.4772727272727,43.83697321378199,592.2954545454545,45.91136763554799,41.81818181818182,23.56889663768856,,,,,,,,,,,2.1363636363636362,0.2219243845160361,1.5,0.07624928516630235,0.28999999999999965,0.0,0,0.0,,,2,FPA,4
FSA,1,1,4886.139534883721,418.2184405167427,8218.232558139534,671.268101964124,1.627906976744186,0.07458453262672307,15.883720930232558,1.2349691206838838,347.7906976744186,31.847601496576736,28.162790697674417,20.524083852300322,956.953488372093,51.559692996056405,987.046511627907,49.38262203796817,30.093023255813954,26.586114785631654,0.05167701433855023,0.005899114221744283,0.45480626278464165,0.028468268817858702,0.3587117172031522,0.018958841302066667,0.9244780250996235,0.03704093277291759,0.8995234796449597,0.04454917839487163,4.395348837209302,0.23089103460324328,1.5348837209302326,0.08385002966195323,0.99,0.0,0,0.0,0.11136721102089132,0.008614049648102428,1,FSA,1
FSA,2,1,4978.04347826087,426.1481756277296,8343.260869565218,684.5691973258264,2.4347826086956523,0.1342438977032975,15.804347826086957,1.2708624502123738,347.3478260869565,21.32269248642923,76.23913043478261,23.24093890822515,683.9782608695652,45.345101724084486,711.1739130434783,46.1387982055555,27.195652173913043,22.10308784612556,,,,,,,,,,,4.782608695652174,0.22823211229019744,1.5434782608695652,0.07425326641999709,0.9900000000000001,0.0,0,0.0,,,2,FSA,1
FTA,1,4,5000.76,407.6853804549958,8363.16,657.8928343722612,1.6,0.06998542122237653,16.14,1.215213091248962,328.68,24.972792378580202,44.5,17.232414875721265,775.24,47.685351021470055,822.1,46.856326212395786,46.86,25.761179621869104,0.1380483903295946,0.006754256468834739,0.4743491214040108,0.016870637752116953,0.3416538758028317,0.013227840801522242,1.0428188885731202,0.04157345848669635,0.8497136254150494,0.05733955595419979,2.68,0.22756923144845573,1.5,0.07142857142857142,637.1800000000002,0.0,0,0.0,0.2929426070843599,0.011024750260241623,1,FTA,4
FTA,2,4,5117.528301886792,409.6698213893295,8557.905660377359,658.4893359514587,2.4339622641509435,0.12493665728102955,16.22641509433962,1.2213751527438963,322.47169811320754,19.307450673374223,105.26415094339623,24.826234294547124,633.2264150943396,46.38117956910594,663.3584905660377,47.42546741580787,30.132075471698112,24.573252325482887,,,,,,,,,,,4.150943396226415,0.22278782921638246,1.5660377358490567,0.07382084166054875,637.1800000000002,0.0,0,0.0,,,2,FTA,4
GBA,1,5,4900.830769230769,365.2309955101852,8185.138461538461,592.2945598381814,1.646153846153846,0.05977027026123097,15.815384615384616,1.0921248492688609,369.32307692307694,27.713672581038306,42.46153846153846,18.97518720039254,833.4461538461538,36.38239107284615,855.8461538461538,34.37214485184153,22.4,10.05384063621766,0.1906366407024777,0.009538822949185052,0.48843811825887257,0.019565648097501675,0.3931201209287471,0.01571242988207709,0.7350767024282108,0.03851212661164603,0.7191536255050816,0.04308512562537981,2.876923076923077,0.1588838658902681,2.123076923076923,0.10168695435694065,7.040000000000007,0.0,1,0.0,0.39116017046122914,0.013416637942725622,1,GBA,5
GBA,2,5,4926.208333333333,346.5120354942538,8258.708333333334,557.060028512892,2.4444444444444446,0.10631266243679995,15.652777777777779,1.0289547779867272,341.05555555555554,18.113307181776072,105.80555555555556,23.894268919601313,616.0555555555555,33.41282709428033,628.7777777777778,32.91346018864151,12.722222222222221,8.168324595105796,,,,,,,,,,,4.125,0.08831915910726683,2.013888888888889,0.0978906154647638,7.040000000000009,0.0,1,0.0,,,2,GBA,5
GCA,1,5,4747.628571428571,334.44425901759104,7949.057142857143,540.5853318282632,1.6285714285714286,0.058168843166177306,15.3,0.9948833904847971,357.57142857142856,24.450190813555714,24.228571428571428,14.300721310169179,992.3857142857142,41.466293991806964,1011.4571428571429,41.38530602957039,19.071428571428573,9.892074361179777,0.22767643773833052,0.011519821654838272,0.548726400857443,0.025513871751524638,0.46231091664856466,0.020914423289494246,0.8068390331209028,0.048554654558771185,0.7711827831211556,0.05576996558900775,3.142857142857143,0.11198512598238018,2.0142857142857142,0.09650809541957786,0.0,0.0,0,0.0,0.4198622385488674,0.01504696061651143,1,GCA,5
GCA,2,5,5041.644736842105,336.5265155758095,8452.171052631578,540.5151429750313,2.473684210526316,0.10169387190308378,16.026315789473685,1.000696894749648,314.19736842105266,17.062270058722746,150.57894736842104,23.794730827288646,585.171052631579,37.188162558015236,610.6842105263158,37.823993176736316,25.513157894736842,14.302465661814635,,,,,,,,,,,2.8815789473684212,0.12278508576092845,1.986842105263158,0.09457832742477117,0.0,0.0,0,0.0,,,2,GCA,5
GDA,1,5,4808.828947368421,325.5043845276466,8084.355263157895,525.530164625409,1.618421052631579,0.05609235887280059,15.68421052631579,0.9686689232745214,333.4342105263158,19.511771845108,22.736842105263158,13.172424258635617,911.3552631578947,26.549838628692314,919.6315789473684,27.50086341295464,8.276315789473685,4.499185060095455,0.1772158676332514,0.007403524460511281,0.46864163601706665,0.015725700363152555,0.3928064224560969,0.01380375933928343,0.8316710367279583,0.028927448448649824,0.8416710367277906,0.029210714207297764,3.3552631578947367,0.08101103968178149,2.026315789473684,0.09546503761693186,8.059999999999992,0.0,1,0.0,0.380548118964383,0.010592202163905256,1,GDA,5
GDA,2,5,4822.723076923077,360.8226761297957,8068.261538461538,581.7966661214717,2.353846153846154,0.11691295502746664,15.276923076923078,1.0789746941112865,310.61538461538464,18.307951880835986,111.9076923076923,23.510418344003565,570.1076923076923,36.73147834595403,586.4307692307692,38.58916977169422,16.323076923076922,7.154010027072621,,,,,,,,,,,2.6769230769230767,0.10986812966989001,1.9538461538461538,0.101504947849205,8.06,0.0,1,0.0,,,2,GDA,5
GFA,1,2,4824.2,417.83202561873236,8064.2,675.3945676719767,1.66,0.06767268161329722,15.58,1.2460844797252895,301.32,26.648466510231668,53.88,23.729145774419973,865.18,51.16930433494723,868.56,50.82659724745601,3.38,3.38,0.10321582788399555,0.007857095380553998,0.5563501009082428,0.02123908070958942,0.46215844160426633,0.017506197587925737,0.8565531859360126,0.0510871039241421,0.6849605933438953,0.07211316197446542,1.92,0.16620616653998843,1.56,0.07645193234434086,0.9399999999999996,0.0,0,0.0,0.18925711868975792,0.013165633356168183,1,GFA,2
GFA,2,2,5133.632653061224,442.42116855542787,8542.612244897959,710.8798555744157,2.3877551020408165,0.133044947044952,16.142857142857142,1.318368399991155,315.55102040816325,26.53017889494331,143.51020408163265,29.898156531586153,528.2244897959183,45.71099565268326,544.3877551020408,45.47175074619319,16.163265306122447,7.911303962692574,,,,,,,,,,,1.816326530612245,0.1477537865916563,1.5510204081632653,0.07748833843465659,0.9399999999999996,0.0,0,0.0,,,2,GFA,2
GJA,1,2,4618.675675675676,480.6531514856781,7741.918918918919,779.5722506359042,1.6486486486486487,0.07956541321016078,14.945945945945946,1.4347394872642327,301.4054054054054,27.910745222728774,45.648648648648646,25.807738445823038,972.9459459459459,61.38165137925962,982.2162162162163,60.96879444928611,9.27027027027027,9.270270270270272,0.1289608759695222,0.018805340700551607,0.559654623890203,0.0390235462453568,0.4619587843105373,0.03281719306277678,1.0032431179211647,0.09431375805982158,0.9344097845881956,0.0841764119060862,2.4324324324324325,0.23741772888476467,1.5405405405405406,0.08305895907471068,0.0,0.0,0,0.0,0.22296228076741395,0.019960519952903436,1,GJA,2
GJA,2,2,4990.098039215686,410.50882463338576,8395.980392156862,657.7863140065103,2.450980392156863,0.1262233485445575,15.980392156862745,1.223139706665718,371.29411764705884,24.45484504892194,101.43137254901961,30.13809074325374,772.0588235294117,51.4349801759251,772.0588235294117,51.4349801759251,0.0,0.0,,,,,,,,,,,4.2745098039215685,0.23276417649806586,1.5490196078431373,0.0757380702581489,0.0,0.0,0,0.0,,,2,GJA,2
GPA,1,5,4970.958333333333,332.9090018845964,8300.958333333334,536.4741327269135,1.6805555555555556,0.05533504751887217,15.930555555555555,0.9908277291069173,309.3611111111111,20.350242195514568,29.40277777777778,14.386850898113968,861.9583333333334,33.12558758743035,865.9027777777778,32.9444104256713,3.9444444444444446,2.776486397786361,0.2193686813689018,0.009339704981669158,0.516088757513151,0.020131083096917638,0.434680282573287,0.016017888283002907,0.7853701071230595,0.030654255736681738,0.772915561668266,0.03304661332506079,3.875,0.10640207059065203,2.0277777777777777,0.09684422381492572,7.980000000000008,0.0,0,0.0,0.43084324472800756,0.012025928346028617,1,GPA,5
GPA,2,5,4785.213333333333,329.8147759152278,8061.213333333333,531.4943750749733,2.44,0.1043901206882016,15.333333333333334,0.9855411159821243,368.82666666666665,20.13386169582941,155.69333333333333,27.330687457085244,645.8266666666667,37.47330760932618,664.44,38.834953328155294,18.613333333333333,10.382433073057417,,,,,,,,,,,3.5733333333333333,0.07146682802186975,2.026666666666667,0.09486516430913615,7.980000000000009,0.0,0,0.0,,,2,GPA,5
GSA,1,2,4747.6,429.4633924498634,7919.6,697.7047604304222,1.6666666666666667,0.07106690545187017,15.222222222222221,1.2846761526001342,343.46666666666664,27.528031626916686,62.24444444444445,25.90546441235426,904.3333333333334,51.084234259691016,943.1111111111111,52.7661146070991,38.77777777777778,30.79236244162262,0.08483861443251033,0.010458267037744145,0.5120377690463982,0.021436158894144974,0.4256077356644102,0.019964993141495274,0.9336531986633022,0.06154960085231187,0.7990817700927766,0.0454174933113843,3.4,0.3005046260925617,1.5333333333333334,0.07521014330903548,12.410000000000009,0.0,0,0.0,0.16290492584403712,0.014356885464547744,1,GSA,2
GSA,2,2,5077.478260869565,429.34280836057707,8485.739130434782,687.9246036619576,2.347826086956522,0.13976305450714427,16.043478260869566,1.2747857721850144,328.5652173913044,26.213885249580553,103.67391304347827,27.637981538536234,667.304347826087,52.53839515786046,682.7826086956521,53.42898047531302,15.478260869565217,8.953812732286984,,,,,,,,,,,2.4782608695652173,0.20320887242123026,1.434782608695652,0.07389883353033022,12.410000000000007,0.0,0,0.0,,,2,GSA,2
GTA,1,5,4970.246376811594,339.48987256545456,8306.768115942028,548.9156621502506,1.6666666666666667,0.057166195047502956,16.0,1.0108111250054495,353.6376811594203,22.477391985616592,11.652173913043478,9.530514238845889,870.5507246376811,36.7998407104389,902.2463768115942,36.50688898889534,31.695652173913043,22.097718578818778,0.20840169775615075,0.008917014407885419,0.48550218828079,0.017055840854462236,0.41097311306785794,0.015405102186455197,0.8624852534492312,0.03934004601565658,0.8612352534488505,0.03929896051612263,3.072463768115942,0.05954802978721337,1.9855072463768115,0.10006978303269118,47.63999999999998,0.0,0,0.0,0.4313666377151952,0.012542662577603848,1,GTA,5
GTA,2,5,4912.277777777777,338.5496291788618,8264.777777777777,544.688975737883,2.4444444444444446,0.10631266243679995,15.708333333333334,1.0086553243701644,354.2083333333333,16.420862735594035,142.76388888888889,23.943019646054342,598.3888888888889,33.12555285247778,630.5694444444445,36.1936887995109,32.18055555555556,15.299888591717608,,,,,,,,,,,3.611111111111111,0.11457814637095597,2.0,0.09889847151615447,47.63999999999997,0.0,0,0.0,,,2,GTA,5
JBA,1,4,4781.837209302325,423.57252544059116,8009.279069767442,681.4846979166541,1.6511627906976745,0.07354134093414837,15.395348837209303,1.25627529362865,353.1860465116279,24.374665419266105,31.72093023255814,18.84121814526753,839.7441860465116,52.47181485712174,884.046511627907,49.03237515547153,44.30232558139535,25.00120783092745,0.14890987680873713,0.008602217031136682,0.4960838634694955,0.019987020309222767,0.3500640541476063,0.0165635951902444,0.8295827860683411,0.043721665683374454,0.7771345102064617,0.047561215886752176,3.627906976744186,0.3032187165210535,1.5813953488372092,0.08307862384722502,0.0,0.0,0,0.0,0.2998181663497939,0.012568073476596548,1,JBA,4
JBA,2,4,5068.897959183673,419.3418213503354,8499.918367346938,670.6027430430144,2.3877551020408165,0.13304494704495198,16.142857142857142,1.2426655572095133,334.7959183673469,23.77480765946928,149.91836734693877,30.920759993634107,625.469387755102,45.645922674839525,625.469387755102,45.645922674839525,0.0,0.0,,,,,,,,,,,1.9795918367346939,0.18091273669349933,1.530612244897959,0.07771197046799906,0.0,0.0,0,0.0,,,2,JBA,4
JCA,1,4,4770.0,437.8505445534475,7973.181818181818,711.041407340067,1.6136363636363635,0.07425392901036848,15.409090909090908,1.3127759678938689,349.70454545454544,29.75920948550857,24.295454545454547,18.039789811215297,981.7045454545455,51.183628497381704,1049.3863636363637,46.266374347389046,67.68181818181819,36.51438033392431,0.16466503628173945,0.0153026887883575,0.5455695945528429,0.027778456569176782,0.38345389325243845,0.02234778123464306,0.8468959976774374,0.03672980331172693,0.8145411589677514,0.04782354690403248,3.8636363636363638,0.14390693599398413,1.5681818181818181,0.07553702921752883,0.0,0.0,0,0.0,0.29220007008752935,0.015628966370011318,1,JCA,4
JCA,2,4,4935.28,409.96815509978126,8265.28,661.5390793460659,2.4,0.1309307341415954,15.68,1.2260572280813864,367.54,25.674400972683326,152.18,33.138887570160755,716.68,53.67356693713491,716.68,53.67356693713491,0.0,0.0,,,,,,,,,,,4.04,0.1176643444684228,1.54,0.07119963311072636,0.0,0.0,0,0.0,,,2,JCA,4
JDA,1,4,5106.8,419.5665050039291,8530.8,672.7655929298874,1.6222222222222222,0.07309112127323451,16.4,1.2380336315008864,338.06666666666666,28.310550555001093,7.4,7.3999999999999995,912.6888888888889,49.340835037975076,945.4222222222222,50.1198411173174,32.733333333333334,22.090548278218975,0.1557057574551758,0.012950652488271413,0.4978099795054894,0.020487554891586858,0.3545343704863825,0.017591297164247222,0.7642318684916782,0.044936024808858825,0.7646189652657521,0.03879386958663528,5.0,0.0778498944161523,1.511111111111111,0.0753592220347252,0.0,0.0,0,0.0,0.30681884164742124,0.015018264133375698,1,JDA,4
JDA,2,4,4981.571428571428,430.0445644127506,8331.775510204081,690.5831092908699,2.3877551020408165,0.133044947044952,15.775510204081632,1.2818278914508774,335.3469387755102,22.435253611430173,116.38775510204081,27.41427293987349,635.1632653061224,51.59856451144564,635.1632653061224,51.59856451144564,0.0,0.0,,,,,,,,,,,3.4285714285714284,0.2871985257574957,1.530612244897959,0.0720333965460795,0.0,0.0,0,0.0,,,2,JDA,4
JFA,1,1,4933.841269841269,365.8791173645693,8253.84126984127,592.1430367214585,1.5714285714285714,0.06284876358057997,15.984126984126984,1.093782658291932,324.5079365079365,22.554183186708336,58.666666666666664,22.37558192911788,954.7936507936508,38.18744132870197,980.3015873015873,38.389710995963846,25.50793650793651,18.38671007915797,0.07987151646600833,0.0072457005759760966,0.5720633557498801,0.019980175630210185,0.41769893609363734,0.015049350570287745,0.8614068020678839,0.04464208362331225,0.8149743696353223,0.03828358646700025,3.0317460317460316,0.2048668644251748,1.9841269841269842,0.1024334322125874,0.0,0.0,0,0.0,0.13688081816627531,0.010108832901346934,1,JFA,1
JFA,2,1,5024.74,432.84414766914495,8412.34,695.4744635696921,2.48,0.12532406971120746,15.96,1.287287925866483,302.48,22.933750905864592,100.2,25.075494175853546,644.38,51.489597839896604,672.78,51.91303788106429,28.4,20.27436302127313,,,,,,,,,,,2.42,0.21013115437939306,1.54,0.07671840904055743,0.0,0.0,0,0.0,,,2,JFA,1
JGA,1,4,4640.972222222223,482.2306016342775,7800.972222222223,774.6052988623129,1.6388888888888888,0.08118935126220327,15.11111111111111,1.4291621353685084,390.6388888888889,31.44292265934501,8.194444444444445,8.194444444444445,1070.361111111111,52.18260296332695,1101.2222222222222,50.546475723959965,30.86111111111111,16.703918026171106,0.15691820261842673,0.01396752761145286,0.5324479215943365,0.030233127482615564,0.36011291284454616,0.017886648615291923,0.7836313365322586,0.04893788156691086,0.7961730031993581,0.04394455606361484,3.9722222222222223,0.2774204050331334,1.5555555555555556,0.08399210511316162,0.0,0.0,0,0.0,0.29503849429479023,0.01970889846120363,1,JGA,4
JGA,2,4,5116.33962264151,407.10891367443156,8546.528301886792,653.8074329373534,2.358490566037736,0.12945778299551677,16.20754716981132,1.2120460009394656,354.79245283018867,23.516003853142657,133.37735849056602,25.755764025989947,647.2075471698113,50.747513530504264,656.1698113207547,51.147852899256286,8.962264150943396,5.623463329153402,,,,,,,,,,,3.0754716981132075,0.27052743275870766,1.528301886792453,0.07428309315105483,0.0,0.0,0,0.0,,,2,JGA,4
JPA,1,4,5246.659574468085,424.8942059940599,8766.234042553191,678.1872483080105,1.6382978723404256,0.07084485475872634,16.872340425531913,1.252423006389962,340.27659574468083,24.42492513275457,19.93617021276596,12.172002126143918,939.5744680851063,50.245933047997795,942.6382978723404,50.35437255919001,3.0638297872340425,3.063829787234043,0.17580451967912739,0.011290551937474644,0.5327661056507447,0.02484252560157709,0.3696821101196413,0.02024923128205537,0.8137870423003976,0.03856686056896852,0.7977245423006032,0.039647429660754054,3.148936170212766,0.1874378673600807,1.553191489361702,0.0733026284390658,0.0,0.0,0,0.0,0.33106188164688927,0.014580408553426676,1,JPA,4
JPA,2,4,4803.869565217391,433.06772083550356,8055.608695652174,697.1561829728378,2.4782608695652173,0.13091698307984015,15.23913043478261,1.2903150132577526,357.54347826086956,19.564156976094193,167.15217391304347,33.200750346437616,649.304347826087,49.820313548712214,666.2826086956521,50.25407583675436,16.97826086956522,14.062197556784072,,,,,,,,,,,4.739130434782608,0.22292474545013044,1.5217391304347827,0.08069223714246408,0.0,0.0,0,0.0,,,2,JPA,4
JSA,1,1,4918.152173913043,418.034879352151,8205.108695652174,676.7059738910017,1.673913043478261,0.06988152725357213,15.717391304347826,1.2486371482533745,298.9347826086956,23.68942368169666,36.08695652173913,18.389474675149838,814.9347826086956,49.36748134815858,827.5652173913044,48.725016163856026,12.630434782608695,9.667084383561104,0.05621117512813114,0.005366801945126042,0.5442037117943728,0.017535263885940355,0.4154506699950897,0.013807127519597366,0.9932865127133056,0.05257118160713339,0.8796615127139851,0.05123721365782425,2.5434782608695654,0.24218514445026673,1.5,0.07453559924999299,0.3599999999999998,0.0,0,0.0,0.10276328080836121,0.008031114527987071,1,JSA,1
JSA,2,1,5249.391304347826,441.33525053029547,8743.739130434782,707.9278863044734,2.347826086956522,0.1397630545071443,16.52173913043478,1.3098434948864726,394.0869565217391,28.58547359354236,124.06521739130434,30.388139724517924,701.1086956521739,55.43483120202473,718.3913043478261,54.93177567670654,17.282608695652176,10.007082662976783,,,,,,,,,,,4.304347826086956,0.2302478505302667,1.5434782608695652,0.07425326641999709,0.3599999999999998,0.0,0,0.0,,,2,JSA,1
JTA,1,4,4941.309523809524,433.251115430968,8271.309523809523,700.7201468090732,1.5714285714285714,0.0772859686857799,16.0,1.2905445464922303,309.0952380952381,32.95153251947309,85.69047619047619,32.36512239453941,782.1666666666666,51.874949216119624,782.1666666666666,51.874949216119624,0.0,0.0,0.1657343857865851,0.008865477913733995,0.521768743146353,0.018099420004424584,0.36582437078782754,0.013133551803535716,0.8782087675999704,0.04518017781485327,0.6731775176002108,0.04939693600671734,1.7380952380952381,0.15263661769380002,1.4761904761904763,0.07799829681942307,0.0,0.0,0,0.0,0.31916058189147956,0.0142470556133753,1,JTA,4
JTA,2,4,4968.25,450.17561070142585,8277.795454545454,724.9994784422894,2.409090909090909,0.13915397428907983,15.590909090909092,1.3442061804729797,341.25,25.35580057149773,109.8409090909091,34.79313592942135,644.5,42.79891153700806,649.0227272727273,42.12844660508714,4.5227272727272725,3.41159703514265,,,,,,,,,,,3.2954545454545454,0.30772222148679984,1.5,0.07624928516630235,0.0,0.0,0,0.0,,,2,JTA,4
LUZ,1,7,5040.355555555556,406.051702379896,8484.355555555556,649.3669342587764,1.6444444444444444,0.07216392363431011,16.4,1.1990737165736634,311.3333333333333,26.82393021768496,56.4,25.211236872602353,618.6222222222223,50.974813437012905,709.5111111111111,49.29956483736705,90.88888888888889,26.664454874604512,,,0.42253690263104554,0.01623071571257385,0.42253690263104554,0.01623071571257385,0.8273634328470468,0.041485632171301835,0.8073634328470168,0.042367087387382395,5.088888888888889,0.17928652712996998,1.511111111111111,0.0753592220347252,0.0,0.0,0,0.0,,,1,LUZ,7
LUZ,2,7,4727.0,413.52053800692335,7963.0,666.2662304957305,2.2888888888888888,0.1443278472686202,15.177777777777777,1.2396190718612348,273.97777777777776,20.91334910039129,157.6888888888889,25.620912036026358,394.77777777777777,33.245230369362886,419.84444444444443,33.606861906876006,25.066666666666666,14.42932619859481,,,,,,,,,,,2.533333333333333,0.20250950844368024,1.4,0.07385489458759964,0.0,0.0,0,0.0,,,2,LUZ,7
MUY,1,7,4726.901960784314,402.56472991129084,7931.607843137255,653.9961084482355,1.6274509803921569,0.06837488538887329,15.372549019607844,1.2071553937086081,298.47058823529414,25.124682855337994,82.72549019607843,24.497684219187686,595.5294117647059,48.753170659615854,613.3921568627451,50.29119970131111,17.862745098039216,13.812015786429685,,,0.382384645079642,0.011837583776707756,0.382384645079642,0.011837583776707756,0.9520931870211028,0.05397250466838338,0.8088492845818307,0.043355327454670065,2.9607843137254903,0.24408417756228132,1.5294117647058822,0.07594084992563561,0.0,0.0,0,0.0,,,1,MUY,7
MUY,2,7,4984.54,407.5219790842388,8361.34,654.1554833648701,2.44,0.1282853961179637,15.84,1.2126409028165235,299.04,16.35374163016288,173.4,27.864160288288407,443.12,37.847520502184345,466.5,38.2669810245686,23.38,12.417462687354318,,,,,,,,,,,5.06,0.16514681161849631,1.46,0.07119963311072636,0.0,0.0,0,0.0,,,2,MUY,7
PAZ,1,7,4949.019607843137,403.14201603200553,8280.78431372549,648.2873620359038,1.6274509803921569,0.06837488538887332,15.96078431372549,1.1947469284292624,314.1372549019608,23.27976516975832,88.13725490196079,24.11516518395196,624.9215686274509,54.55852653936749,696.4313725490196,54.41238508743664,71.50980392156863,29.493626729948044,,,0.37795926529727986,0.011701731640477907,0.37795926529727986,0.011701731640477907,0.9865231971988901,0.042675329993002255,0.9206747123505361,0.04724005694887781,3.9019607843137254,0.2461545855133367,1.5490196078431373,0.07037003311735827,0.0,0.0,0,0.0,,,1,PAZ,7
PAZ,2,7,4768.311111111111,422.669727813958,8004.311111111111,681.9911562433663,2.422222222222222,0.1366588648508102,15.155555555555555,1.2660906008860804,334.73333333333335,21.214974699847073,160.0222222222222,30.944190376702135,510.8888888888889,42.89610684016264,516.4444444444445,43.1670300155008,5.555555555555555,5.5555555555555545,,,,,,,,,,,4.911111111111111,0.200560382157428,1.5333333333333334,0.07521014330903548,0.0,0.0,0,0.0,,,2,PAZ,7
PBA,1,6,5254.945945945946,440.5585554267203,8796.567567567568,698.3313880517968,1.5675675675675675,0.08256893144064577,16.945945945945947,1.2932870951298279,339.8918918918919,30.617856371805004,41.78378378378378,24.718934613593966,943.1081081081081,55.307437006825225,950.8378378378378,54.2610959786759,7.72972972972973,7.72972972972973,0.16670004282660855,0.010972623845396554,0.4195752560407552,0.023677207905463026,0.3838826214141553,0.021968118631037814,0.8399906202932322,0.04342230903675306,0.8207178930208621,0.041733115594862244,3.8378378378378377,0.26709850595267737,1.5945945945945945,0.08182838794858086,0.0,0.0,1,0.0,0.4001065456972752,0.01493822674803311,1,PBA,6
PBA,2,6,5297.734693877551,424.7441114168117,8816.918367346938,677.9889504025649,2.3469387755102042,0.13537244042266935,16.612244897959183,1.2558760955834791,302.9591836734694,21.032186202311493,134.3469387755102,25.22021296547982,522.0408163265306,40.78914337164878,557.9183673469388,44.80091863063245,35.87755102040816,17.082598274871135,,,,,,,,,,,2.204081632653061,0.17732803262227317,1.489795918367347,0.07215375318230077,0.0,0.0,1,0.0,,,2,PBA,6
PCA,1,6,5049.513513513513,413.1569418405353,8450.054054054053,657.9230571792473,1.5675675675675675,0.08256893144064577,16.216216216216218,1.2162162162162165,329.8378378378378,29.342891397164937,8.91891891891892,8.91891891891892,902.0,52.013006573864324,907.2432432432432,51.66004615248215,5.243243243243243,5.243243243243244,0.16212801655421166,0.01052691144442456,0.39474470135836276,0.023599056045719127,0.37259167651935193,0.022556628412889176,0.9431838816848438,0.05705600756916481,0.8907038816845566,0.05994971746025881,3.3783783783783785,0.3250117839197738,1.5945945945945945,0.08182838794858087,11516.0,0.0,0,0.0,0.4116065675795443,0.014277668290549559,1,PCA,6
PCA,2,6,4710.25,410.37030987073655,7927.75,663.3971354388791,2.375,0.13522046615836342,15.104166666666666,1.2334865189035447,370.0416666666667,25.607390305120333,135.5,30.58969777439911,662.5625,50.97788341760926,662.5625,50.97788341760926,0.0,0.0,,,,,,,,,,,5.125,0.1777145092796608,1.4791666666666667,0.07286915878889005,11516.0,0.0,0,0.0,,,2,PCA,6
PDA,1,6,4800.272727272727,438.58870985213895,8044.363636363636,707.5412090217523,1.6818181818181819,0.07102933373079214,15.545454545454545,1.3027270735561047,321.25,24.340478752885318,40.72727272727273,23.29889805931596,912.4545454545455,45.7411766066753,937.3181818181819,44.46963442110583,24.863636363636363,18.047054742902812,0.1724468306932087,0.01178613818398552,0.39291940998088143,0.019912144702088803,0.36614235841210413,0.019078897619489832,0.8691454787553969,0.036623315138107744,0.8089385822036893,0.0442858773149968,4.2727272727272725,0.237507396933073,1.6136363636363635,0.0810600297675009,0.0,0.0,1,0.0,0.4374051412224926,0.017719621013779212,1,PDA,6
PDA,2,6,5171.571428571428,427.0591373600629,8620.959183673469,686.5931854790322,2.3469387755102042,0.13537244042266935,16.306122448979593,1.2718177847391452,366.16326530612247,20.078827371672066,154.0,29.25307414510098,645.6530612244898,44.36184461528189,645.6530612244898,44.36184461528189,0.0,0.0,,,,,,,,,,,4.489795918367347,0.21845633637185594,1.489795918367347,0.07215375318230077,0.0,0.0,1,0.0,,,2,PDA,6
PEZ,1,7,4818.181818181818,445.23538477641864,8050.0,722.3756870163813,1.6363636363636365,0.07335878043508445,15.568181818181818,1.3363505126565043,310.0681818181818,31.748189969002944,69.97727272727273,26.451109486403315,699.1136363636364,62.081692888242614,705.7954545454545,61.65886491980009,6.681818181818182,5.023809350307548,,,0.3855641963611132,0.008631871559645626,0.3855641963611132,0.008631871559645626,0.9972122038456963,0.0470152474660762,0.9533550609886918,0.044556116057620845,3.227272727272727,0.3012722079813224,1.4772727272727273,0.07617047451458002,0.0,0.0,0,0.0,,,1,PEZ,7
PEZ,2,7,4675.14,423.5378228152736,7886.34,683.2156247376918,2.44,0.1282853961179637,15.08,1.2696906259850411,293.24,20.315442201358422,160.42,27.327941744668585,426.18,34.25572128588634,453.9,37.791352536401924,27.72,19.666775878861987,,,,,,,,,,,3.22,0.27890456271284053,1.46,0.07671840904055743,0.0,0.0,0,0.0,,,2,PEZ,7
PFA,1,3,4738.079365079365,349.4610262375185,7935.222222222223,565.2670677498027,1.6349206349206349,0.0611445171061062,15.333333333333334,1.0438418150117503,351.6031746031746,24.935806366780408,31.58730158730159,16.471182843702465,948.5079365079365,45.706531049193416,969.3492063492064,44.278711362727776,20.841269841269842,11.528237474453185,0.06584363668140146,0.010396719910474283,0.4583472048178596,0.023724078869702323,0.4361983377050042,0.022761789280933312,0.8896345445077004,0.048500840028034835,0.907674544508074,0.046631318570687696,3.746031746031746,0.1851754319231999,2.0476190476190474,0.09973998820736053,0.0,0.0,0,0.0,0.13834435714729215,0.01522810184707973,1,PFA,3
PFA,2,3,5176.0625,418.57950366933346,8648.5625,670.2931373569405,2.375,0.13522046615836342,16.354166666666668,1.241099369429803,352.1666666666667,25.925755515594403,124.875,28.865557542407572,642.1875,52.57242265993746,644.7083333333334,52.773073659651445,2.5208333333333335,2.5208333333333335,,,,,,,,,,,3.6875,0.2795580510389733,1.4583333333333333,0.07267881673425383,0.0,0.0,0,0.0,,,2,PFA,3
PGA,1,6,4833.761904761905,460.27539578452786,8082.333333333333,741.1685649411934,1.6428571428571428,0.07483181740388338,15.642857142857142,1.3686473686495357,356.95238095238096,30.738357708062328,23.476190476190474,12.974389053319491,931.1190476190476,56.94186984700784,977.952380952381,54.36053079417183,46.833333333333336,29.4346441663061,0.17064058182088837,0.01158180968969118,0.42485810339939384,0.02691894884621477,0.3960063754502335,0.022979661808678768,0.9720731222003707,0.05058263009874297,0.9681683602955984,0.044535917189799795,4.904761904761905,0.21771040608336728,1.5952380952380953,0.0838914444945207,0.0,0.0,1,0.0,0.4111866866950507,0.021070147722800196,1,PGA,6
PGA,2,6,4995.711111111111,416.64575295662155,8355.711111111112,670.6596380605118,2.3777777777777778,0.1395841185464622,15.777777777777779,1.242305159769038,357.8666666666667,25.330773395379794,91.57777777777778,28.39815203990756,671.7555555555556,46.73537318372213,711.5111111111111,47.785438192557876,39.75555555555555,27.795704114625945,,,,,,,,,,,5.111111111111111,0.17472119846819922,1.511111111111111,0.0753592220347252,0.0,0.0,1,0.0,,,2,PGA,6
PJA,1,3,4714.9111111111115,416.28285331231274,7942.9111111111115,671.4514143559668,1.6222222222222222,0.07309112127323451,15.422222222222222,1.2384777593860246,420.0444444444444,28.15227273520074,9.466666666666667,9.466666666666667,999.5555555555555,47.16905503703058,999.5555555555555,47.16905503703058,0.0,0.0,0.06421445877860629,0.00805102865579285,0.4179492489404082,0.020474314148615197,0.39514792553250905,0.020478618400730335,0.8882092161204421,0.05246653883708028,0.9069592161206143,0.03972190830025698,4.844444444444444,0.21071200978163954,1.5333333333333334,0.08164965809277261,0.0,0.0,0,0.0,0.15465164934500744,0.016548727654938093,1,PJA,3
PJA,2,3,5230.7,411.3701657452885,8719.1,659.1112960739216,2.44,0.1282853961179637,16.42,1.2212706664848405,318.1,24.922889241884963,91.2,19.029622450596463,532.9,47.611756822817426,546.92,49.17483876279553,14.02,8.253557798097171,,,,,,,,,,,2.22,0.19014495007971238,1.48,0.0713714056959817,0.0,0.0,0,0.0,,,2,PJA,3
PSA,1,3,5141.34693877551,427.0192701754896,8535.632653061224,691.101392665196,1.6122448979591837,0.07032677934739909,16.408163265306122,1.2757278725836685,355.6530612244898,26.813692547102708,33.89795918367347,20.14083586823183,965.0204081632653,50.30655589635402,1016.7551020408164,45.472290383237656,51.734693877551024,28.2151412695811,0.06105962332967149,0.007973874882718985,0.40388811801404384,0.014371560509951708,0.3860415351946337,0.013816099389593018,0.8578661671664551,0.042803196907057514,0.8260597155535122,0.05166006305989533,5.122448979591836,0.15873825700106167,1.469387755102041,0.07203339654607947,2696.399999999998,0.0,0,0.0,0.14655468060632182,0.01507120255011747,1,PSA,3
PSA,2,3,5093.234042553191,436.53965322404713,8513.234042553191,699.7940527044535,2.3617021276595747,0.13745920903612735,16.127659574468087,1.2959829136833918,298.48936170212767,20.609623690379284,139.06382978723406,26.992434000996788,480.6170212765957,32.107179913958184,485.72340425531917,33.01347666016372,5.1063829787234045,5.106382978723404,,,,,,,,,,,2.021276595744681,0.1935341539228236,1.4893617021276595,0.07370428968378201,2696.3999999999974,0.0,0,0.0,,,2,PSA,3
PTA,1,6,5115.8421052631575,466.878131783724,8531.105263157895,745.5872496123158,1.6842105263157894,0.07641750223933594,16.31578947368421,1.3775817676422664,326.55263157894734,29.610647842852575,33.921052631578945,23.3630320859442,815.2105263157895,55.03488041632481,849.4736842105264,52.656671827688236,34.26315789473684,28.839075855066692,0.17679827730817393,0.010407450994001357,0.4119581744705295,0.024797258505741524,0.39164731035889866,0.024150350534899504,0.8645627343069066,0.049045491763166936,0.8507294009739477,0.05439409170741661,5.0,0.195976600339204,1.631578947368421,0.08781407871437072,33788.0,0.0,0,0.0,0.43673650327791025,0.014686716408288425,1,PTA,6
PTA,2,6,5142.1875,410.86415122165005,8584.6875,657.8195736298643,2.375,0.1352204661583634,16.1875,1.215537797242366,387.5208333333333,26.09702962607763,134.9375,28.40993617778623,630.25,48.885536266142864,644.1041666666666,51.952653701047545,13.854166666666666,11.75631675624504,,,,,,,,,,,4.4375,0.2285210118060907,1.5208333333333333,0.07286915878889005,33788.0,0.0,0,0.0,,,2,PTA,6
SBA,1,4,5077.28,418.5624143739266,8472.08,673.1570898568102,1.66,0.0676726816132972,16.34,1.244616160812281,372.16,29.89335275233459,46.22,22.740295799774113,882.36,49.28177011133144,895.72,48.64324975717364,13.36,11.125068584975475,0.12256229211735652,0.005457955907793607,0.4387727843130392,0.014171628887920298,0.3001448674823838,0.011886206341454592,0.7771901128807107,0.04109977413281305,0.7740472557379117,0.04054892975880877,4.2,0.22314999074019012,1.56,0.08161632489763257,723.5800000000008,0.0,0,0.0,0.28269342140250114,0.010949972387488537,1,SBA,4
SBA,2,4,4864.666666666667,406.951103356258,8168.196078431372,655.0645847635612,2.372549019607843,0.1312407884759334,15.529411764705882,1.218598661972816,298.4313725490196,17.782614442024396,115.03921568627452,24.25335167109517,545.4313725490196,43.52194177204621,567.7843137254902,41.74415364702304,22.352941176470587,11.354668160834814,,,,,,,,,,,1.7843137254901962,0.13809268126791374,1.4705882352941178,0.07058823529411763,723.5800000000008,0.0,0,0.0,,,2,SBA,4
SCA,1,4,4922.259259259259,399.0671566506699,8232.25925925926,642.3044782320475,1.5925925925925926,0.0674923632013956,15.88888888888889,1.1859492645336835,338.75925925925924,20.94076593577867,32.55555555555556,17.009506666206388,867.2592592592592,41.56859893381282,867.2592592592592,41.56859893381282,0.0,0.0,0.12909829737761763,0.007398267774027346,0.4842733507028462,0.014700390184222862,0.3427955907764267,0.013574766974549953,0.8426341066139207,0.03876056433000337,0.767390204174868,0.04225624241330836,3.259259259259259,0.18350037213165657,1.5185185185185186,0.06863315999145615,79668.0,0.0,0,0.0,0.26237497719093067,0.009952704534046964,1,SCA,4
SCA,2,4,5020.018867924528,400.4246308250571,8450.207547169812,643.2338587692032,2.4716981132075473,0.12227812638505395,16.11320754716981,1.1988929270885693,331.5660377358491,23.501327965350193,99.47169811320755,24.989309815612287,589.9056603773585,40.08996834362852,616.4150943396227,39.29858934861648,26.50943396226415,15.218954042546288,,,,,,,,,,,1.9622641509433962,0.17657083537873686,1.509433962264151,0.07437519869561078,79668.0,0.0,0,0.0,,,2,SCA,4
SDA,1,4,4928.122448979592,423.67862575178685,8256.285714285714,681.9256734789061,1.6326530612244898,0.06958255967849927,15.959183673469388,1.258291947670602,293.40816326530614,23.548977734780465,34.42857142857143,16.27636531991129,776.7142857142857,43.51454131807492,781.6326530612245,43.57648969315345,4.918367346938775,4.918367346938775,0.13288863398329187,0.007704762910195032,0.48905295172237884,0.01447731127031756,0.3388214538028733,0.012906837610541547,0.8460983098262819,0.04186363038130598,0.7646509414050396,0.03464799510912783,2.510204081632653,0.22983735927246465,1.489795918367347,0.07782354550100372,670.59,0.0,0,0.0,0.2690094220631117,0.011882833967093689,1,SDA,4
SDA,2,4,5003.942307692308,409.18295646978703,8382.403846153846,658.4159491050541,2.3846153846153846,0.12925662314104705,15.923076923076923,1.224389574215075,340.88461538461536,22.100682371175992,155.28846153846155,28.79706569886247,529.1153846153846,36.43445584932366,542.9423076923077,39.69288599596838,13.826923076923077,13.826923076923078,,,,,,,,,,,3.1346153846153846,0.2787453658805541,1.4615384615384615,0.06980655484407924,670.5899999999999,0.0,0,0.0,,,2,SDA,4
SFA,1,1,4947.68,414.4003707743987,8288.48,665.836266715376,1.64,0.06857142857142857,16.04,1.2295544240222358,344.8,25.282969988286016,18.16,10.915570604996013,875.98,43.944849388240044,881.18,44.18908988999572,5.2,5.200000000000002,0.06402906660918602,0.004273430779993274,0.5064931972424541,0.017600775783053916,0.36676870438677994,0.014563025035190226,0.8216824650808766,0.05402278225726298,0.7603598844355518,0.04436806139495705,3.24,0.27929941508228423,1.48,0.07687785169756406,7932.0,0.0,0,0.0,0.12688623827899093,0.007475121263648596,1,SFA,1
SFA,2,1,4992.777777777777,397.3798124597809,8386.111111111111,638.1950513726603,2.4074074074074074,0.12544405686829838,15.962962962962964,1.18367741268669,326.6111111111111,17.662204583979992,136.07407407407408,26.35986843229478,611.6111111111111,42.70912634978163,652.5925925925926,45.740705092826246,40.98148148148148,23.67806869078947,,,,,,,,,,,5.111111111111111,0.1746848348342833,1.5,0.06868028197434452,7932.0,0.0,0,0.0,,,2,SFA,1
SGA,1,4,4813.021739130435,434.9990909970295,8072.586956521739,703.089601684038,1.608695652173913,0.07275304578557179,15.673913043478262,1.2995927819381667,347.0217391304348,24.969420701616873,30.02173913043478,19.12995195921236,945.195652173913,51.53475089980117,979.1086956521739,49.74236258965632,33.91304347826087,22.141416938519733,0.13159815998393337,0.010173456095618618,0.47574150544095545,0.019078524050547618,0.33197642761498164,0.015297846198614743,0.7734146206314346,0.051939127616987595,0.7942210722441511,0.04305873076311714,4.630434782608695,0.23541246699278046,1.5,0.08075728530872484,898.8899999999995,0.0,0,0.0,0.2709136737772805,0.014550517814158889,1,SGA,4
SGA,2,4,5045.211538461538,407.66636420876495,8479.057692307691,654.2447059810798,2.423076923076923,0.12687850581728463,16.173076923076923,1.2175566964558902,341.5769230769231,19.573166793757057,146.28846153846155,28.357358324518604,583.8846153846154,39.6678199305666,583.8846153846154,39.6678199305666,0.0,0.0,,,,,,,,,,,3.5576923076923075,0.21695385573711695,1.5769230769230769,0.07933620655034672,898.8899999999995,0.0,0,0.0,,,2,SGA,4
SJA,1,1,4782.214285714285,337.9299913364621,8011.928571428572,545.5716060782211,1.6142857142857143,0.05859944792614804,15.471428571428572,1.0081903572787771,308.2,22.401175656814384,48.357142857142854,18.034118064780582,821.4,35.54600087286656,830.0428571428571,36.345999097552536,8.642857142857142,6.190623903318116,0.07207898314917263,0.0035604506642969197,0.5195886885163652,0.013025453710996584,0.3835363088957389,0.010139560448145547,0.8852824388137042,0.03593895318596367,0.7498016695829157,0.03684910300570189,3.1,0.198493289360938,1.9857142857142858,0.09650809541957785,0.12000000000000005,0.0,0,0.0,0.13903142579865183,0.006068733656938417,1,SJA,1
SJA,2,1,4996.149253731343,351.655441003799,8375.850746268658,565.5231625881195,2.373134328358209,0.1142014947761238,15.895522388059701,1.0455770013025059,352.04477611940297,22.168288873650734,137.11940298507463,28.515046552091754,617.4477611940298,39.16666012441849,617.8955223880597,39.13535253872551,0.44776119402985076,0.44776119402985065,,,,,,,,,,,2.7313432835820897,0.15855248879030737,1.9701492537313432,0.09968323700736978,0.12000000000000009,0.0,0,0.0,,,2,SJA,1
SOL,1,7,5095.916666666667,419.7957550000662,8500.916666666666,674.7852829187483,1.5833333333333333,0.07191241060522428,16.354166666666668,1.245021854365898,320.8125,25.351022477351147,147.29166666666666,29.94368174651613,536.6041666666666,42.25185945364049,542.9791666666666,42.588263474821645,6.375,6.375000000000001,,,0.47083194695932634,0.013678164378927351,0.47083194695932634,0.013678164378927351,0.9337214281405712,0.04626248415447738,0.7930804024996042,0.040234600971946186,1.9166666666666667,0.1757288099806358,1.5208333333333333,0.07286915878889005,0.0,0.0,0,0.0,,,1,SOL,7
SOL,2,7,4704.977272727273,419.77029418752284,7916.340909090909,677.5418407956319,2.4545454545454546,0.13583406684320515,14.977272727272727,1.2547957206636506,316.5681818181818,24.728577286116273,164.47727272727272,30.660806954891452,431.84090909090907,40.363660618195475,460.8863636363636,39.24035837071909,29.045454545454547,11.519078509576312,,,,,,,,,,,5.113636363636363,0.1696156240650171,1.5909090909090908,0.07497837474124876,0.0,0.0,0,0.0,,,2,SOL,7
SPA,1,4,4791.254901960784,398.4442518568372,8077.137254901961,637.8020001441887,1.588235294117647,0.06960093862470138,15.705882352941176,1.1769998809359257,333.7450980392157,24.136878351979128,19.313725490196077,13.558196716119836,848.8627450980392,41.81511144060799,894.1176470588235,42.92032424140471,45.254901960784316,29.974470747258223,0.1413235400327225,0.005465846930799445,0.4587887646505477,0.014333943316072378,0.31550463383768756,0.010293134958382641,0.737551107496611,0.038105005357128345,0.7419677741633222,0.03543405878125099,3.6666666666666665,0.2739209370211815,1.5294117647058822,0.08094026447274626,96354.0,0.0,0,0.0,0.3101153897273694,0.008998135432065464,1,SPA,4
SPA,2,4,5162.652173913043,440.2832072944628,8613.95652173913,707.5231820216839,2.260869565217391,0.14390946767891488,16.369565217391305,1.3144895578632676,292.0869565217391,20.961704813374546,119.69565217391305,28.350376281959868,558.2173913043479,44.86329113907548,566.6521739130435,45.82465232562649,8.434782608695652,8.434782608695652,,,,,,,,,,,2.217391304347826,0.17000438607090063,1.4782608695652173,0.0806922371424641,96354.0,0.0,0,0.0,,,2,SPA,4
STA,1,4,4603.333333333333,385.22250933628777,7730.392156862745,623.6361659753987,1.607843137254902,0.06904634063395688,14.941176470588236,1.1493943041602326,367.7647058823529,25.03640624833371,17.11764705882353,10.225790043166368,951.0980392156863,51.438493672498375,975.8627450980392,52.01610625081762,24.764705882352942,20.102942682559434,0.131748132670586,0.00726939144798492,0.4577122203360576,0.015911451232523254,0.31406985338619614,0.012820222037726217,0.9007714225700918,0.04241457850430646,0.8238933737896941,0.04672538139814254,3.8627450980392157,0.2729930083757978,1.5294117647058822,0.07594084992563561,342770.0,0.0,0,0.0,0.28823072665633775,0.010826107778633867,1,STA,4
STA,2,4,5049.8125,428.43124862880876,8477.3125,687.0080181355172,2.375,0.13522046615836342,16.145833333333332,1.2785705058447403,323.8125,24.064475602789148,153.5625,30.60645742383843,533.0833333333334,35.29391326048687,557.9375,38.33401640907744,24.854166666666668,21.868745095271528,,,,,,,,,,,2.4375,0.12242471271637906,1.5,0.07293249574894728,342770.0,0.0,0,0.0,,,2,STA,4
TBA,1,6,4996.020833333333,426.7399660929102,8337.270833333334,690.1287369237708,1.6666666666666667,0.0687614164172529,16.083333333333332,1.2715634166091083,324.5833333333333,24.585533018548663,70.10416666666667,25.03110192261623,899.7083333333334,51.00250270536146,899.7083333333334,51.00250270536146,0.0,0.0,0.17925384635103866,0.00897337873545167,0.42644737607259187,0.01724953956499123,0.3911147558459942,0.016783363994251378,1.0136838749210237,0.05617295855191248,0.8847151249209042,0.05489491770692861,3.1458333333333335,0.2824499945282058,1.5208333333333333,0.07871746391554742,70.09999999999995,0.0,1,0.0,0.42227301246463644,0.0138223598720566,1,TBA,6
TBA,2,6,4977.823529411765,410.4945918832524,8316.64705882353,660.9955307158268,2.450980392156863,0.1262233485445575,15.686274509803921,1.223780768550184,388.6862745098039,25.43515384530196,154.2941176470588,32.81535143045152,652.8627450980392,51.441198257075996,681.5882352941177,51.04808326543683,28.725490196078432,18.07939089793382,,,,,,,,,,,4.0,0.2700762419587999,1.5294117647058822,0.07594084992563561,70.09999999999995,0.0,1,0.0,,,2,TBA,6
TCA,1,6,4954.1,458.3922290364723,8266.1,740.2749937761347,1.625,0.07752170911825532,15.875,1.3649398878470427,361.425,29.339063124101287,13.825,10.915519855597749,947.825,56.35745448724642,952.8,57.18922930690664,4.975,4.974999999999999,0.17379429384911696,0.006942415223834198,0.3880017374435316,0.017797826537967437,0.36601809799431845,0.017428464226582403,0.8399038370784863,0.03942477482064073,0.8634199661110389,0.043896240713755974,5.1,0.1887883090687176,1.55,0.07966275068156914,15.910000000000002,0.0,0,0.0,0.4561038384401094,0.012265156242008938,1,TCA,6
TCA,2,6,5033.75,430.91827512931684,8423.75,691.3026373710504,2.5,0.12632278815997783,15.916666666666666,1.2830155266432146,361.7291666666667,27.845663482989945,164.72916666666666,34.81597695604224,607.3333333333334,46.02002275194825,643.2916666666666,44.641598352735954,35.958333333333336,21.134174501403926,,,,,,,,,,,4.625,0.20547687140126275,1.5416666666666667,0.07854129630064868,15.909999999999997,0.0,0,0.0,,,2,TCA,6
TDA,1,6,5120.581395348837,433.27753226957253,8574.06976744186,694.3880862970688,1.6511627906976745,0.07354134093414837,16.53488372093023,1.2803778672980803,345.95348837209303,32.374691616148596,0.0,0.0,976.7906976744187,39.47341028788687,976.7906976744187,39.47341028788687,0.0,0.0,0.16034549687053629,0.007844090910467554,0.3718802507087936,0.014505104240726267,0.3408850467716596,0.013745142695536576,0.8794150325170593,0.04447858917164887,0.8401293182318073,0.03898854811946828,4.6976744186046515,0.20924079321917152,1.5116279069767442,0.07713080907803256,0.25999999999999984,0.0,1,0.0,0.4335292832090209,0.01584411367483489,1,TDA,6
TDA,2,6,5174.545454545455,404.0348634973653,8646.90909090909,649.644450425128,2.418181818181818,0.12361259426891597,16.418181818181818,1.2056798546238257,316.7818181818182,17.431476056678022,95.0,23.82911949751681,642.5272727272727,46.11794172028342,674.4545454545455,44.85327233524524,31.927272727272726,16.76176614822297,,,,,,,,,,,3.981818181818182,0.26399024200274157,1.5636363636363637,0.07682082158315777,0.25999999999999984,0.0,1,0.0,,,2,TDA,6
TFA,1,3,4629.227272727273,434.26528420443043,7746.5,705.4306696650046,1.6363636363636365,0.07335878043508447,14.954545454545455,1.2996806183762293,299.6363636363636,25.74993772256044,36.77272727272727,16.63826252174356,823.7954545454545,53.01816254618041,851.2954545454545,51.7946790057035,27.5,22.057883203437502,0.08374924866544753,0.009664707650663585,0.45203006122243716,0.017091118416954997,0.42238275883955484,0.01601096404722932,1.0162704980498736,0.0626050733122542,0.8693017480497395,0.059059280099423565,1.9090909090909092,0.19994233264333003,1.5909090909090908,0.08172416491632338,0.0,0.0,0,0.0,0.17545333070088218,0.014873140244920513,1,TFA,3
TFA,2,3,4919.38,421.98722477035693,8242.18,679.5106418592721,2.4,0.13093073414159542,15.68,1.2611753507368129,350.58,20.51116351091348,101.08,26.288382473275615,696.88,51.42566372732508,715.72,51.490209412140885,18.84,10.049402865801714,,,,,,,,,,,4.58,0.20422076889723922,1.5,0.0769309258162072,0.0,0.0,0,0.0,,,2,TFA,3
TGA,1,6,4899.551020408163,401.31256591622656,8205.673469387755,649.0977937937818,1.6734693877551021,0.0676862202113347,15.816326530612244,1.197245090740619,340.57142857142856,28.66781361413817,46.87755102040816,22.896945119238495,928.469387755102,45.131064821688724,950.2857142857143,46.669730827488216,21.816326530612244,13.691749634440459,0.16506686094372858,0.0089287243044014,0.4129437765143148,0.016390603129537277,0.3861787767043557,0.01573192793230068,1.0220087375043012,0.03758004623477654,0.9335587375047212,0.03854499859420985,2.836734693877551,0.2445788737593242,1.5714285714285714,0.08247860988423227,1.2199999999999993,0.0,1,0.0,0.40162076245664713,0.014098858415496336,1,TGA,6
TGA,2,6,4908.4807692307695,426.15699003848465,8238.48076923077,685.3166075303087,2.4615384615384617,0.12422167476249156,15.692307692307692,1.2717307067937609,408.3076923076923,24.72080203266907,134.01923076923077,31.523070753528874,663.3269230769231,46.025459551901115,692.9423076923077,46.61744128728116,29.615384615384617,13.37610467791597,,,,,,,,,,,5.0576923076923075,0.17884635657394565,1.5384615384615385,0.07501401810442355,1.2199999999999993,0.0,1,0.0,,,2,TGA,6
TJA,1,3,4809.86,404.19808945412814,8021.06,654.7115890409226,1.66,0.06767268161329722,15.38,1.20573121179724,304.84,22.70575509173202,28.84,14.95168709339436,789.74,42.267088658594275,789.74,42.267088658594275,0.0,0.0,0.08197941545558499,0.00809569730733766,0.46301336493367334,0.017951929781198594,0.43538322686742886,0.017727670166893736,1.0041618264285426,0.058758644090807825,0.937767887034258,0.04892566978308191,2.1,0.169633458386256,1.5,0.07142857142857142,0.0,0.0,0,0.0,0.17464707884595704,0.013113119511595335,1,TJA,3
TJA,2,3,5038.144927536232,352.61128567794293,8460.753623188406,565.6560402996239,2.449275362318841,0.10833985530382637,16.07246376811594,1.0479385114889945,353.0,19.01866763656373,107.30434782608695,22.04393141749508,621.0289855072464,37.54860431300251,628.8260869565217,37.457102241381236,7.797101449275362,7.797101449275361,,,,,,,,,,,3.6666666666666665,0.2019371939309269,2.0,0.09461187372426555,0.0,0.0,0,0.0,,,2,TJA,3
TPA,1,6,5216.026315789473,427.45741469216426,8707.078947368422,688.0055662193155,1.763157894736842,0.06989334006042333,16.710526315789473,1.2756098559529585,337.89473684210526,36.36226745230097,90.57894736842105,34.47568321872996,780.8947368421053,53.31973378244803,789.0526315789474,51.04669643317074,8.157894736842104,8.157894736842104,0.19032843722241002,0.010641796999703785,0.44381554454613004,0.020004994994752605,0.4226060673565258,0.019709319572339547,0.9730557978895895,0.049681366280772306,0.7795002423333017,0.05315085420304719,1.763157894736842,0.15747930174597816,1.4473684210526316,0.08174282626554191,0.6799999999999998,0.0,0,0.0,0.43020251255281583,0.013844055552224243,1,TPA,6
TPA,2,6,5081.7164179104475,352.5195824283577,8536.641791044776,565.6796341841837,2.462686567164179,0.10912330671849713,16.208955223880597,1.0493342451061223,336.46268656716416,18.763233874672135,141.50746268656715,26.256220844444858,582.3731343283582,38.66178384979366,603.2089552238806,39.28122600056402,20.83582089552239,9.510250534350199,,,,,,,,,,,2.8656716417910446,0.16999683715904676,1.9402985074626866,0.09947987079009053,0.6799999999999998,0.0,0,0.0,,,2,TPA,6
TSA,1,3,4869.56,407.3120351869845,8152.76,655.1671446248799,1.56,0.07091242083423348,15.76,1.2100126496218533,318.68,23.70708048887763,62.56,22.800289292829916,841.92,45.70484581105427,851.72,45.99788850522136,9.8,5.737666453056557,0.06754005843726743,0.00955068269228654,0.45426389938633516,0.020421869134229303,0.4269997034331717,0.018791366310430397,0.9726261369428918,0.03947388953298488,0.835515025832033,0.037956115033432554,3.24,0.2850850213318039,1.48,0.0713714056959817,1915.6000000000013,0.0,0,0.0,0.14130854102587195,0.016540872829677315,1,TSA,3
TSA,2,3,4795.326086956522,443.8453053992728,8023.586956521739,714.5906260758298,2.4782608695652173,0.13091698307984015,15.152173913043478,1.320945127643744,360.89130434782606,21.167773068444607,81.17391304347827,22.021208581483528,660.9565217391304,47.14020568271255,702.9347826086956,47.12938714364088,41.97826086956522,20.66894538934356,,,,,,,,,,,5.065217391304348,0.1769362829528268,1.4565217391304348,0.07425326641999709,1915.6000000000008,0.0,0,0.0,,,2,TSA,3
UVA,1,7,4946.854166666667,419.469889820405,8258.104166666666,677.709945121025,1.5833333333333333,0.07191241060522428,15.958333333333334,1.2508714456419807,311.3333333333333,28.2796686191759,66.5625,26.55762679536282,690.6458333333334,46.80474275825129,725.3333333333334,48.639863161979356,34.6875,21.94941307334172,,,0.3561493204342948,0.010052933240553182,0.3561493204342948,0.010052933240553182,1.0351940956033263,0.05223911941878146,0.9108783061294867,0.04574375266168093,1.9791666666666667,0.1871055741096031,1.4583333333333333,0.07267881673425383,0.0,0.0,0,0.0,,,1,UVA,7
UVA,2,7,4908.061224489796,418.3523921128376,8250.918367346938,670.5389945622222,2.4285714285714284,0.13041013273932528,15.673469387755102,1.2458733772039374,266.40816326530614,18.389445323118412,138.59183673469389,24.19594610953453,429.3673469387755,35.67358030151347,445.9183673469388,36.20430308470568,16.551020408163264,10.441408489534084,,,,,,,,,,,1.9183673469387754,0.18172626189822244,1.510204081632653,0.07782354550100375,0.0,0.0,0,0.0,,,2,UVA,7
VOZ,1,7,4877.58,407.99541022828555,8211.18,654.9968771946122,1.62,0.06934092056863769,15.96,1.2111589996565186,351.22,27.664495628284037,129.38,33.95064713398445,639.92,39.19636426288248,666.24,40.188957362409276,26.32,17.82782599174214,,,0.4622012762563003,0.01515912748695923,0.4622012762563003,0.01515912748695923,0.8961642486361936,0.04672248254954531,0.8086514281239194,0.03955574295610116,2.74,0.2264364577265664,1.5,0.07142857142857142,0.0,0.0,0,0.0,,,1,VOZ,7
VOZ,2,7,5222.586956521739,414.58240624886446,8744.326086956522,661.2501883906824,2.347826086956522,0.13976305450714427,16.543478260869566,1.222852656716175,338.7608695652174,23.184539759243254,200.47826086956522,32.70476540688314,479.2391304347826,42.43317206593681,505.5217391304348,46.250084101037885,26.282608695652176,17.097748617039514,,,,,,,,,,,4.760869565217392,0.17077482591946003,1.434782608695652,0.0738988335303302,0.0,0.0,0,0.0,,,2,VOZ,7
